name,shop,host2_shop_url,host2_profile_url,photo_source_url,shop_monthly_rank,collected_at,host2_monthly_rank,shop_listed_hosts,tiktok_top30_exact_match,national_popularity_score,x_profile_url,selection_note,selection_score,host2_area,photo_face_check
七瀬るい,alpha by ACQUA -本店-,https://www.host2.jp/shop/alpha1/index.html,https://www.host2.jp/shop/alpha1/rui/index.html,https://www.host2.jp/shop/alpha1/rui/pr01-thum.jpg,1,2026-09-24,1,28,yes,,https://x.com/rui_kun7,"Public Host2 monthly rank + public national popularity/TikTok exact-name matches; X link is recorded, not scored as follower popularity.",10556,歌舞伎町ホストクラブ,unknown
パクセロイ,club -FAIRY-,https://www.host2.jp/shop/c_fairy/index.html,https://www.host2.jp/shop/c_fairy/kota/index.html,https://www.host2.jp/shop/c_fairy/kota/pr01-thum.jpg,1,2026-09-24,1,25,yes,,https://x.com/paku_fairy,"Public Host2 monthly rank + public national popularity/TikTok exact-name matches; X link is recorded, not scored as follower popularity.",10550,歌舞伎町ホストクラブ,unknown
あいち,FIXER,https://www.host2.jp/shop/fixer_nagoya/index.html,https://www.host2.jp/shop/fixer_nagoya/aichi/index.html,https://www.host2.jp/shop/fixer_nagoya/aichi/pr01-thum.jpg,1,2026-09-24,1,13,yes,,,"Public Host2 monthly rank + public national popularity/TikTok exact-name matches; X link is recorded, not scored as follower popularity.",10526,愛知／名古屋ホストクラブ,unknown
ハルト,BELLE,https://www.host2.jp/shop/belle_nagoya/index.html,https://www.host2.jp/shop/belle_nagoya/haruto/index.html,https://www.host2.jp/shop/belle_nagoya/haruto/pr01-thum.jpg,1,2026-09-24,1,13,yes,,,"Public Host2 monthly rank + public national popularity/TikTok exact-name matches; X link is recorded, not scored as follower popularity.",10526,愛知／名古屋ホストクラブ,unknown
咲夜 京,BOY,https://www.host2.jp/shop/boy/index.html,https://www.host2.jp/shop/boy/kyo/index.html,https://www.host2.jp/shop/boy/kyo/pr01-thum.jpg,3,2026-09-24,3,24,yes,,https://x.com/sakuya_kyou,"Public Host2 monthly rank + public national popularity/TikTok exact-name matches; X link is recorded, not scored as follower popularity.",10348,歌舞伎町ホストクラブ,unknown
飛鳥冬凛,MIKADO,https://www.host2.jp/shop/mikado/index.html,https://www.host2.jp/shop/mikado/tori/index.html,https://www.host2.jp/shop/mikado/tori/pr01-thum.jpg,2,2026-09-24,2,34,,1739,https://x.com/world_touri_,"Public Host2 monthly rank + public national popularity/TikTok exact-name matches; X link is recorded, not scored as follower popularity.",2207,愛知／名古屋ホストクラブ,unknown
一ノ瀬エイト,CANDY,https://www.host2.jp/shop/candy01/index.html,https://www.host2.jp/shop/candy01/eito01/index.html,https://www.host2.jp/shop/candy01/eito01/pr01-thum.jpg,1,2026-09-24,1,169,,,https://x.com/candycandysns1,"Public Host2 monthly rank + public national popularity/TikTok exact-name matches; X link is recorded, not scored as follower popularity.",660,歌舞伎町ホストクラブ,unknown
天使咲瑠,CHRONO,https://www.host2.jp/shop/chrono_nagoya/index.html,https://www.host2.jp/shop/chrono_nagoya/elle/index.html,https://www.host2.jp/shop/chrono_nagoya/elle/pr01-thum.jpg,1,2026-09-24,1,89,,,,"Public Host2 monthly rank + public national popularity/TikTok exact-name matches; X link is recorded, not scored as follower popularity.",660,愛知／名古屋ホストクラブ,unknown
桜木 凌,VALHALLA,https://www.host2.jp/shop/yggdrasill04/index.html,https://www.host2.jp/shop/yggdrasill04/ryo03/index.html,https://www.host2.jp/shop/yggdrasill04/ryo03/pr01-thum.jpg,1,2026-09-24,1,110,,,https://x.com/VALHALLAygg,"Public Host2 monthly rank + public national popularity/TikTok exact-name matches; X link is recorded, not scored as follower popularity.",660,歌舞伎町ホストクラブ,unknown
楓舞,A.I.M,https://www.host2.jp/shop/a-i-m/index.html,https://www.host2.jp/shop/a-i-m/fuma/index.html,https://www.host2.jp/shop/a-i-m/fuma/pr01-thum.jpg,1,2026-09-24,1,88,,,https://x.com/club__aim,"Public Host2 monthly rank + public national popularity/TikTok exact-name matches; X link is recorded, not scored as follower popularity.",660,石川／金沢ホストクラブ,unknown
櫻井瑛紫,YGGDRASILL,https://www.host2.jp/shop/yggdrasill01/index.html,https://www.host2.jp/shop/yggdrasill01/eiji/index.html,https://www.host2.jp/shop/yggdrasill01/eiji/pr01-thum.jpg,1,2026-09-24,1,112,,,https://x.com/eiji_ygd,"Public Host2 monthly rank + public national popularity/TikTok exact-name matches; X link is recorded, not scored as follower popularity.",660,歌舞伎町ホストクラブ,unknown
詩音,TOP DANDY,https://www.host2.jp/shop/topdandy/index.html,https://www.host2.jp/shop/topdandy/shion01/index.html,https://www.host2.jp/shop/topdandy/shion01/pr01-thum.jpg,1,2026-09-24,1,152,,,https://x.com/top_shion426,"Public Host2 monthly rank + public national popularity/TikTok exact-name matches; X link is recorded, not scored as follower popularity.",660,歌舞伎町ホストクラブ,unknown
賢人,TOP DANDY別館,https://www.host2.jp/shop/topdandybekkan/index.html,https://www.host2.jp/shop/topdandybekkan/kento/index.html,https://www.host2.jp/shop/topdandybekkan/kento/pr01-thum.jpg,1,2026-09-24,1,89,,,https://x.com/topdandy_bekkan,"Public Host2 monthly rank + public national popularity/TikTok exact-name matches; X link is recorded, not scored as follower popularity.",660,歌舞伎町ホストクラブ,unknown
水瀬 葵,PRISM,https://www.host2.jp/shop/prism/index.html,https://www.host2.jp/shop/prism/aoi/index.html,https://www.host2.jp/shop/prism/aoi/pr01-thum.jpg,1,2026-09-24,1,74,,,https://x.com/prismgdcolors,"Public Host2 monthly rank + public national popularity/TikTok exact-name matches; X link is recorded, not scored as follower popularity.",648,歌舞伎町ホストクラブ,unknown
るか,LSP -本店-,https://www.host2.jp/shop/lsp/index.html,https://www.host2.jp/shop/lsp/ruka/index.html,https://www.host2.jp/shop/lsp/ruka/pr01-thum.jpg,1,2026-09-24,1,73,,,,"Public Host2 monthly rank + public national popularity/TikTok exact-name matches; X link is recorded, not scored as follower popularity.",646,歌舞伎町ホストクラブ,unknown
大空 蒼,UNIVERSE,https://www.host2.jp/shop/universe/index.html,https://www.host2.jp/shop/universe/ao/index.html,https://www.host2.jp/shop/universe/ao/pr01-thum.jpg,1,2026-09-24,1,73,,,https://x.com/universe_osaka_,"Public Host2 monthly rank + public national popularity/TikTok exact-name matches; X link is recorded, not scored as follower popularity.",646,大阪／ミナミホストクラブ,unknown
黒崎礼音,AMATERAS,https://www.host2.jp/shop/amateras02/index.html,https://www.host2.jp/shop/amateras02/omi/index.html,https://www.host2.jp/shop/amateras02/omi/pr01-thum.jpg,0,2026-09-24,0,21,,,,"Public Host2 monthly rank + public national popularity/TikTok exact-name matches; X link is recorded, not scored as follower popularity.",642,福岡／中洲・天神ホストクラブ,unknown
妃咲叶桜,ESPRINCE KUMAMOTO,https://www.host2.jp/shop/esprincekumamoto/index.html,https://www.host2.jp/shop/esprincekumamoto/kanon/index.html,https://www.host2.jp/shop/esprincekumamoto/kanon/pr01-thum.jpg,0,2026-09-24,0,19,,,https://x.com/jgroup_host,"Public Host2 monthly rank + public national popularity/TikTok exact-name matches; X link is recorded, not scored as follower popularity.",638,熊本／熊本ホストクラブ,unknown
帝 麗苑,THE ONE,https://www.host2.jp/shop/theone_osaka/index.html,https://www.host2.jp/shop/theone_osaka/reon/index.html,https://www.host2.jp/shop/theone_osaka/reon/pr01-thum.jpg,1,2026-09-24,1,69,,,https://x.com/theone_pce,"Public Host2 monthly rank + public national popularity/TikTok exact-name matches; X link is recorded, not scored as follower popularity.",638,大阪／ミナミホストクラブ,unknown
白恋風磨,RE:MAKE,https://www.host2.jp/shop/remake_gd/index.html,https://www.host2.jp/shop/remake_gd/fuma01/index.html,https://www.host2.jp/shop/remake_gd/fuma01/pr01-thum.jpg,1,2026-09-24,1,69,,,https://x.com/club_remake,"Public Host2 monthly rank + public national popularity/TikTok exact-name matches; X link is recorded, not scored as follower popularity.",638,歌舞伎町ホストクラブ,unknown
流星,TOP DANDY NAGOYA,https://www.host2.jp/shop/topdandynagoya/index.html,https://www.host2.jp/shop/topdandynagoya/ryusei/index.html,https://www.host2.jp/shop/topdandynagoya/ryusei/pr01-thum.jpg,1,2026-09-24,1,68,,,https://x.com/topdandynagoya,"Public Host2 monthly rank + public national popularity/TikTok exact-name matches; X link is recorded, not scored as follower popularity.",636,愛知／名古屋ホストクラブ,unknown
皇あとむ,Celeste,https://www.host2.jp/shop/celeste01/index.html,https://www.host2.jp/shop/celeste01/atomu/index.html,https://www.host2.jp/shop/celeste01/atomu/pr01-thum.jpg,1,2026-09-24,1,68,,,https://x.com/atom13ua,"Public Host2 monthly rank + public national popularity/TikTok exact-name matches; X link is recorded, not scored as follower popularity.",636,歌舞伎町ホストクラブ,unknown
皇 礼央,ALL WHITE,https://www.host2.jp/shop/allfirsttime/index.html,https://www.host2.jp/shop/allfirsttime/sumeragi/index.html,https://www.host2.jp/shop/allfirsttime/sumeragi/pr01-thum.jpg,1,2026-09-24,1,66,,,https://x.com/ALLWHIT91328093,"Public Host2 monthly rank + public national popularity/TikTok exact-name matches; X link is recorded, not scored as follower popularity.",632,歌舞伎町ホストクラブ,unknown
成宮星翔,Chloe -Queens-,https://www.host2.jp/shop/chloe02/index.html,https://www.host2.jp/shop/chloe02/seito/index.html,https://www.host2.jp/shop/chloe02/seito/pr01-thum.jpg,1,2026-09-24,1,62,,,https://x.com/seito_chloe,"Public Host2 monthly rank + public national popularity/TikTok exact-name matches; X link is recorded, not scored as follower popularity.",624,歌舞伎町ホストクラブ,unknown
龍,CROSS GUILD,https://www.host2.jp/shop/crossguild/index.html,https://www.host2.jp/shop/crossguild/tatsu/index.html,https://www.host2.jp/shop/crossguild/tatsu/pr01-thum.jpg,1,2026-09-24,1,61,,,,"Public Host2 monthly rank + public national popularity/TikTok exact-name matches; X link is recorded, not scored as follower popularity.",622,大阪／ミナミホストクラブ,unknown
紅夜,MONSTAR,https://www.host2.jp/shop/monstar/index.html,https://www.host2.jp/shop/monstar/akaya/index.html,https://www.host2.jp/shop/monstar/akaya/pr01-thum.jpg,1,2026-09-24,1,60,,,https://x.com/xeqahnimu1fgzin,"Public Host2 monthly rank + public national popularity/TikTok exact-name matches; X link is recorded, not scored as follower popularity.",620,大阪／ミナミホストクラブ,unknown
早瀬 優,HAREM -総本店-,https://www.host2.jp/shop/harem001/index.html,https://www.host2.jp/shop/harem001/x/index.html,https://www.host2.jp/shop/harem001/x/pr01-thum.jpg,1,2026-09-24,1,59,,,,"Public Host2 monthly rank + public national popularity/TikTok exact-name matches; X link is recorded, not scored as follower popularity.",618,歌舞伎町ホストクラブ,unknown
椿 鳴,SINCE YOU... -本店-,https://www.host2.jp/shop/sinceyou3/index.html,https://www.host2.jp/shop/sinceyou3/naru/index.html,https://www.host2.jp/shop/sinceyou3/naru/pr01-thum.jpg,1,2026-09-24,1,59,,,https://x.com/naru_ggg,"Public Host2 monthly rank + public national popularity/TikTok exact-name matches; X link is recorded, not scored as follower popularity.",618,歌舞伎町ホストクラブ,unknown
める,CANDYS DIAMOND,https://www.host2.jp/shop/candys_diamond/index.html,https://www.host2.jp/shop/candys_diamond/meru/index.html,https://www.host2.jp/shop/candys_diamond/meru/pr01-thum.jpg,1,2026-09-24,1,58,,,https://x.com/diamondbycandys,"Public Host2 monthly rank + public national popularity/TikTok exact-name matches; X link is recorded, not scored as follower popularity.",616,歌舞伎町ホストクラブ,unknown
玲王,YGGDRASILL -OSAKA-,https://www.host2.jp/shop/yggdrasillosaka/index.html,https://www.host2.jp/shop/yggdrasillosaka/reo/index.html,https://www.host2.jp/shop/yggdrasillosaka/reo/pr01-thum.jpg,1,2026-09-24,1,58,,,https://x.com/reo_yggdrasill,"Public Host2 monthly rank + public national popularity/TikTok exact-name matches; X link is recorded, not scored as follower popularity.",616,大阪／ミナミホストクラブ,unknown
翔和,XXX -crest-,https://www.host2.jp/shop/xxxcrest/index.html,https://www.host2.jp/shop/xxxcrest/towa/index.html,https://www.host2.jp/shop/xxxcrest/towa/pr01-thum.jpg,1,2026-09-24,1,58,,,https://x.com/xxx___towa3,"Public Host2 monthly rank + public national popularity/TikTok exact-name matches; X link is recorded, not scored as follower popularity.",616,大阪／ミナミホストクラブ,unknown
八谷 絹,ADAM,https://www.host2.jp/shop/adam_takamatsu/index.html,https://www.host2.jp/shop/adam_takamatsu/kinu/index.html,https://www.host2.jp/shop/adam_takamatsu/kinu/pr01-thum.jpg,1,2026-09-24,1,57,,,,"Public Host2 monthly rank + public national popularity/TikTok exact-name matches; X link is recorded, not scored as follower popularity.",614,香川／高松ホストクラブ,unknown
天月蓮次,ABYSS,https://www.host2.jp/shop/abyss_y/index.html,https://www.host2.jp/shop/abyss_y/renji/index.html,https://www.host2.jp/shop/abyss_y/renji/pr01-thum.jpg,1,2026-09-24,1,57,,,,"Public Host2 monthly rank + public national popularity/TikTok exact-name matches; X link is recorded, not scored as follower popularity.",614,神奈川／横浜ホストクラブ,face
成宮 蘭,COLLECTION,https://www.host2.jp/shop/collection/index.html,https://www.host2.jp/shop/collection/ran/index.html,https://www.host2.jp/shop/collection/ran/pr01-thum.jpg,1,2026-09-24,1,57,,,https://x.com/collection_pce,"Public Host2 monthly rank + public national popularity/TikTok exact-name matches; X link is recorded, not scored as follower popularity.",614,大阪／ミナミホストクラブ,unknown
秋,YGGDRASILL -SAPPORO-,https://www.host2.jp/shop/ygd_sapporo/index.html,https://www.host2.jp/shop/ygd_sapporo/akittt/index.html,https://www.host2.jp/shop/ygd_sapporo/akittt/pr01-thum.jpg,1,2026-09-24,1,55,,,https://x.com/YGD_Sapporo,"Public Host2 monthly rank + public national popularity/TikTok exact-name matches; X link is recorded, not scored as follower popularity.",610,北海道／ススキノホストクラブ,unknown
美月,Laguna,https://www.host2.jp/shop/laguna/index.html,https://www.host2.jp/shop/laguna/mitsuki/index.html,https://www.host2.jp/shop/laguna/mitsuki/pr01-thum.jpg,1,2026-09-24,1,55,,,https://x.com/newgene_group,"Public Host2 monthly rank + public national popularity/TikTok exact-name matches; X link is recorded, not scored as follower popularity.",610,歌舞伎町ホストクラブ,unknown
ALICE,Re:BORN,https://www.host2.jp/shop/reborngifu/index.html,https://www.host2.jp/shop/reborngifu/alice/index.html,https://www.host2.jp/shop/reborngifu/alice/pr01-thum.jpg,1,2026-09-24,1,52,,,,"Public Host2 monthly rank + public national popularity/TikTok exact-name matches; X link is recorded, not scored as follower popularity.",604,岐阜／岐阜ホストクラブ,unknown
南 桜,BLACK,https://www.host2.jp/shop/black_gd/index.html,https://www.host2.jp/shop/black_gd/sakura/index.html,https://www.host2.jp/shop/black_gd/sakura/pr01-thum.jpg,1,2026-09-24,1,52,,,https://x.com/clubblackgd,"Public Host2 monthly rank + public national popularity/TikTok exact-name matches; X link is recorded, not scored as follower popularity.",604,歌舞伎町ホストクラブ,unknown
天照 煌,GOLD NAGOYA,https://www.host2.jp/shop/gldngy/index.html,https://www.host2.jp/shop/gldngy/hikaru/index.html,https://www.host2.jp/shop/gldngy/hikaru/pr01-thum.jpg,1,2026-09-24,1,52,,,https://x.com/GOLD_HIKARU,"Public Host2 monthly rank + public national popularity/TikTok exact-name matches; X link is recorded, not scored as follower popularity.",604,愛知／名古屋ホストクラブ,face
柴犬癒人,CANDYS FILM,https://www.host2.jp/shop/candysfilm/index.html,https://www.host2.jp/shop/candysfilm/yuto01/index.html,https://www.host2.jp/shop/candysfilm/yuto01/pr01-thum.jpg,1,2026-09-24,1,52,,,https://x.com/iyasuhitowan,"Public Host2 monthly rank + public national popularity/TikTok exact-name matches; X link is recorded, not scored as follower popularity.",604,歌舞伎町ホストクラブ,face
KEITY,PLATINA -本店-,https://www.host2.jp/shop/platina/index.html,https://www.host2.jp/shop/platina/keity/index.html,https://www.host2.jp/shop/platina/keity/pr01-thum.jpg,1,2026-09-24,1,51,,,https://x.com/keityparty,"Public Host2 monthly rank + public national popularity/TikTok exact-name matches; X link is recorded, not scored as follower popularity.",602,歌舞伎町ホストクラブ,unknown
ほへとに伊呂波,FUYUTSUKI -DeZon-,https://www.host2.jp/shop/dezon01/index.html,https://www.host2.jp/shop/dezon01/iroha01/index.html,https://www.host2.jp/shop/dezon01/iroha01/pr01-thum.jpg,1,2026-09-24,1,51,,,https://x.com/iroha_youth,"Public Host2 monthly rank + public national popularity/TikTok exact-name matches; X link is recorded, not scored as follower popularity.",602,歌舞伎町ホストクラブ,unknown
華神集也,CANDYS GOD,https://www.host2.jp/shop/candys_god/index.html,https://www.host2.jp/shop/candys_god/shuya/index.html,https://www.host2.jp/shop/candys_god/shuya/pr01-thum.jpg,1,2026-09-24,1,51,,,https://x.com/yakkun05,"Public Host2 monthly rank + public national popularity/TikTok exact-name matches; X link is recorded, not scored as follower popularity.",602,歌舞伎町ホストクラブ,face
黒碕健人,WORLD,https://www.host2.jp/shop/world/index.html,https://www.host2.jp/shop/world/kento/index.html,https://www.host2.jp/shop/world/kento/pr01-thum.jpg,1,2026-09-24,1,51,,,https://x.com/kento923gold923,"Public Host2 monthly rank + public national popularity/TikTok exact-name matches; X link is recorded, not scored as follower popularity.",602,歌舞伎町ホストクラブ,unknown
儚い世界,DEEP,https://www.host2.jp/shop/deep03/index.html,https://www.host2.jp/shop/deep03/sekai/index.html,https://www.host2.jp/shop/deep03/sekai/pr01-thum.jpg,1,2026-09-24,1,50,,,https://x.com/deep20210301,"Public Host2 monthly rank + public national popularity/TikTok exact-name matches; X link is recorded, not scored as follower popularity.",600,歌舞伎町ホストクラブ,unknown
空本みのる,GENTLE,https://www.host2.jp/shop/gentle/index.html,https://www.host2.jp/shop/gentle/minoru/index.html,https://www.host2.jp/shop/gentle/minoru/pr01-thum.jpg,1,2026-09-24,1,50,,,https://x.com/gentlemansclubg,"Public Host2 monthly rank + public national popularity/TikTok exact-name matches; X link is recorded, not scored as follower popularity.",600,大阪／ミナミホストクラブ,unknown
道明寺 楽,neo universe,https://www.host2.jp/shop/neouniverse/index.html,https://www.host2.jp/shop/neouniverse/gaku/index.html,https://www.host2.jp/shop/neouniverse/gaku/pr01-thum.jpg,1,2026-09-24,1,50,,,https://x.com/neouniverse0331,"Public Host2 monthly rank + public national popularity/TikTok exact-name matches; X link is recorded, not scored as follower popularity.",600,大阪／ミナミホストクラブ,unknown
風早 樂,UNIVERSE zero,https://www.host2.jp/shop/universezero/index.html,https://www.host2.jp/shop/universezero/gaku/index.html,https://www.host2.jp/shop/universezero/gaku/pr01-thum.jpg,1,2026-09-24,1,50,,,https://x.com/gaku_un0,"Public Host2 monthly rank + public national popularity/TikTok exact-name matches; X link is recorded, not scored as follower popularity.",600,大阪／ミナミホストクラブ,unknown
RAI,SINCE YOU... -Classic-,https://www.host2.jp/shop/sinceyouclassic/index.html,https://www.host2.jp/shop/sinceyouclassic/rai/index.html,https://www.host2.jp/shop/sinceyouclassic/rai/pr01-thum.jpg,1,2026-09-24,1,49,,,https://x.com/rai_class,"Public Host2 monthly rank + public national popularity/TikTok exact-name matches; X link is recorded, not scored as follower popularity.",598,歌舞伎町ホストクラブ,unknown
颯天,ellie,https://www.host2.jp/shop/ellie/index.html,https://www.host2.jp/shop/ellie/hayate/index.html,https://www.host2.jp/shop/ellie/hayate/pr01-thum.jpg,1,2026-09-24,1,49,,,https://x.com/hayate_ellie,"Public Host2 monthly rank + public national popularity/TikTok exact-name matches; X link is recorded, not scored as follower popularity.",598,歌舞伎町ホストクラブ,unknown
sena,TOP DANDY -1st-,https://www.host2.jp/shop/topdandy1st/index.html,https://www.host2.jp/shop/topdandy1st/sena01/index.html,https://www.host2.jp/shop/topdandy1st/sena01/pr01-thum.jpg,1,2026-09-24,1,48,,,https://x.com/sern_vip,"Public Host2 monthly rank + public national popularity/TikTok exact-name matches; X link is recorded, not scored as follower popularity.",596,歌舞伎町ホストクラブ,unknown
涼宮ハルヒ,EGOIST,https://www.host2.jp/shop/egoist/index.html,https://www.host2.jp/shop/egoist/haruhi/index.html,https://www.host2.jp/shop/egoist/haruhi/pr01-thum.jpg,1,2026-09-24,1,48,,,,"Public Host2 monthly rank + public national popularity/TikTok exact-name matches; X link is recorded, not scored as follower popularity.",596,神奈川／横浜ホストクラブ,unknown
あらし,HEAVEN,https://www.host2.jp/shop/heaven01/index.html,https://www.host2.jp/shop/heaven01/arashi02/index.html,https://www.host2.jp/shop/heaven01/arashi02/pr01-thum.jpg,1,2026-09-24,1,47,,,https://x.com/clg_arash1,"Public Host2 monthly rank + public national popularity/TikTok exact-name matches; X link is recorded, not scored as follower popularity.",594,歌舞伎町ホストクラブ,unknown
ゆら,KING,https://www.host2.jp/shop/king2/index.html,https://www.host2.jp/shop/king2/yura/index.html,https://www.host2.jp/shop/king2/yura/pr01-thum.jpg,1,2026-09-24,1,47,,,,"Public Host2 monthly rank + public national popularity/TikTok exact-name matches; X link is recorded, not scored as follower popularity.",594,群馬／太田ホストクラブ,unknown
星空,FUYUTSUKI -Chocolat-,https://www.host2.jp/shop/fuyutsuki/index.html,https://www.host2.jp/shop/fuyutsuki/sera/index.html,https://www.host2.jp/shop/fuyutsuki/sera/pr01-thum.jpg,1,2026-09-24,1,47,,,https://x.com/chocolat_fghd,"Public Host2 monthly rank + public national popularity/TikTok exact-name matches; X link is recorded, not scored as follower popularity.",594,歌舞伎町ホストクラブ,unknown
酸りお,GR8,https://www.host2.jp/shop/gr8/index.html,https://www.host2.jp/shop/gr8/rio/index.html,https://www.host2.jp/shop/gr8/rio/pr01-thum.jpg,1,2026-09-24,1,47,,,,"Public Host2 monthly rank + public national popularity/TikTok exact-name matches; X link is recorded, not scored as follower popularity.",594,歌舞伎町ホストクラブ,unknown
景虎,UNIVERSE -core-,https://www.host2.jp/shop/universecore/index.html,https://www.host2.jp/shop/universecore/kagetora/index.html,https://www.host2.jp/shop/universecore/kagetora/pr01-thum.jpg,1,2026-09-24,1,46,,,https://x.com/universe__core,"Public Host2 monthly rank + public national popularity/TikTok exact-name matches; X link is recorded, not scored as follower popularity.",592,大阪／ミナミホストクラブ,unknown
陸翔,club THE STINGER,https://www.host2.jp/shop/clubthestinger1/index.html,https://www.host2.jp/shop/clubthestinger1/rikuto/index.html,https://www.host2.jp/shop/clubthestinger1/rikuto/pr01-thum.jpg,1,2026-09-24,1,46,,,,"Public Host2 monthly rank + public national popularity/TikTok exact-name matches; X link is recorded, not scored as follower popularity.",592,福岡／中洲・天神ホストクラブ,unknown
飛龍,ALLWHITE TERRACE,https://www.host2.jp/shop/allwhiteterrace/index.html,https://www.host2.jp/shop/allwhiteterrace/hiryu/index.html,https://www.host2.jp/shop/allwhiteterrace/hiryu/pr01-thum.jpg,1,2026-09-24,1,46,,,,"Public Host2 monthly rank + public national popularity/TikTok exact-name matches; X link is recorded, not scored as follower popularity.",592,歌舞伎町ホストクラブ,unknown
李 音咒,HIGHCLASS,https://www.host2.jp/shop/highclass/index.html,https://www.host2.jp/shop/highclass/injl/index.html,https://www.host2.jp/shop/highclass/injl/pr01-thum.jpg,1,2026-09-24,1,45,,,,"Public Host2 monthly rank + public national popularity/TikTok exact-name matches; X link is recorded, not scored as follower popularity.",590,愛知／名古屋ホストクラブ,unknown
一ノ瀬 周,TOP DANDY -朝TOP-,https://www.host2.jp/shop/topdandy2/index.html,https://www.host2.jp/shop/topdandy2/shu02/index.html,https://www.host2.jp/shop/topdandy2/shu02/pr01-thum.jpg,1,2026-09-24,1,44,,,https://x.com/topdandy100,"Public Host2 monthly rank + public national popularity/TikTok exact-name matches; X link is recorded, not scored as follower popularity.",588,歌舞伎町ホストクラブ,unknown
五十嵐 俊,MILDROUS,https://www.host2.jp/shop/mildrous/index.html,https://www.host2.jp/shop/mildrous/syun/index.html,https://www.host2.jp/shop/mildrous/syun/pr01-thum.jpg,1,2026-09-24,1,43,,,https://x.com/igashun0520,"Public Host2 monthly rank + public national popularity/TikTok exact-name matches; X link is recorded, not scored as follower popularity.",586,歌舞伎町ホストクラブ,unknown
桐生魁志,LEGEND,https://www.host2.jp/shop/legenda/index.html,https://www.host2.jp/shop/legenda/kaiji/index.html,https://www.host2.jp/shop/legenda/kaiji/pr01-thum.jpg,1,2026-09-24,1,43,,,https://x.com/LEGENDA0601,"Public Host2 monthly rank + public national popularity/TikTok exact-name matches; X link is recorded, not scored as follower popularity.",586,大阪／ミナミホストクラブ,unknown
琉生,NIRVANA,https://www.host2.jp/shop/nirvana/index.html,https://www.host2.jp/shop/nirvana/rui/index.html,https://www.host2.jp/shop/nirvana/rui/pr01-thum.jpg,1,2026-09-24,1,43,,,,"Public Host2 monthly rank + public national popularity/TikTok exact-name matches; X link is recorded, not scored as follower popularity.",586,北海道／ススキノホストクラブ,unknown
輝利人,AIR,https://www.host2.jp/shop/air/index.html,https://www.host2.jp/shop/air/kirito3/index.html,https://www.host2.jp/shop/air/kirito3/pr01-thum.jpg,1,2026-09-24,1,43,,,https://x.com/Club_AIR_,"Public Host2 monthly rank + public national popularity/TikTok exact-name matches; X link is recorded, not scored as follower popularity.",586,歌舞伎町ホストクラブ,unknown
TAKERU,ETERNAL,https://www.host2.jp/shop/eternalosaka/index.html,https://www.host2.jp/shop/eternalosaka/takeru/index.html,https://www.host2.jp/shop/eternalosaka/takeru/pr01-thum.jpg,1,2026-09-24,1,42,,,https://x.com/ETERNALofficia4,"Public Host2 monthly rank + public national popularity/TikTok exact-name matches; X link is recorded, not scored as follower popularity.",584,大阪／ミナミホストクラブ,unknown
あもん,GlitteR,https://www.host2.jp/shop/glitter/index.html,https://www.host2.jp/shop/glitter/amon/index.html,https://www.host2.jp/shop/glitter/amon/pr01-thum.jpg,1,2026-09-24,1,42,,,https://x.com/amondestroyer,"Public Host2 monthly rank + public national popularity/TikTok exact-name matches; X link is recorded, not scored as follower popularity.",584,歌舞伎町ホストクラブ,unknown
しょう,EDEN,https://www.host2.jp/shop/eden/index.html,https://www.host2.jp/shop/eden/sho/index.html,https://www.host2.jp/shop/eden/sho/pr01-thum.jpg,1,2026-09-24,1,42,,,,"Public Host2 monthly rank + public national popularity/TikTok exact-name matches; X link is recorded, not scored as follower popularity.",584,神奈川／横浜ホストクラブ,unknown
すい,MAJESTY -本店-,https://www.host2.jp/shop/majesty/index.html,https://www.host2.jp/shop/majesty/kei/index.html,https://www.host2.jp/shop/majesty/kei/pr01-thum.jpg,1,2026-09-24,1,42,,,https://x.com/majesty_ngg,"Public Host2 monthly rank + public national popularity/TikTok exact-name matches; X link is recorded, not scored as follower popularity.",584,歌舞伎町ホストクラブ,unknown
ダイア,EARTH,https://www.host2.jp/shop/earth3/index.html,https://www.host2.jp/shop/earth3/daia/index.html,https://www.host2.jp/shop/earth3/daia/pr01-thum.jpg,1,2026-09-24,1,42,,,https://x.com/da_ia1003,"Public Host2 monthly rank + public national popularity/TikTok exact-name matches; X link is recorded, not scored as follower popularity.",584,歌舞伎町ホストクラブ,unknown
仁,LIFDRASIR,https://www.host2.jp/shop/lifdrasir/index.html,https://www.host2.jp/shop/lifdrasir/jin/index.html,https://www.host2.jp/shop/lifdrasir/jin/pr01-thum.jpg,1,2026-09-24,1,42,,,https://x.com/zin__regina,"Public Host2 monthly rank + public national popularity/TikTok exact-name matches; X link is recorded, not scored as follower popularity.",584,歌舞伎町ホストクラブ,unknown
桜咲皐月,TOP1ONE,https://www.host2.jp/shop/topone/index.html,https://www.host2.jp/shop/topone/satsuki/index.html,https://www.host2.jp/shop/topone/satsuki/pr01-thum.jpg,1,2026-09-24,1,42,,,,"Public Host2 monthly rank + public national popularity/TikTok exact-name matches; X link is recorded, not scored as follower popularity.",584,大阪／ミナミホストクラブ,unknown
橘 唯人,FATE,https://www.host2.jp/shop/fate/index.html,https://www.host2.jp/shop/fate/yuito/index.html,https://www.host2.jp/shop/fate/yuito/pr01-thum.jpg,1,2026-09-24,1,42,,,https://x.com/atsupoyo0208,"Public Host2 monthly rank + public national popularity/TikTok exact-name matches; X link is recorded, not scored as follower popularity.",584,兵庫／神戸ホストクラブ,unknown
結夜,goofee,https://www.host2.jp/shop/goofee/index.html,https://www.host2.jp/shop/goofee/yuya/index.html,https://www.host2.jp/shop/goofee/yuya/pr01-thum.jpg,1,2026-09-24,1,42,,,,"Public Host2 monthly rank + public national popularity/TikTok exact-name matches; X link is recorded, not scored as follower popularity.",584,大阪／ミナミホストクラブ,unknown
成瀬ねお（ねおぴ）,MINERVA -TOKYO-,https://www.host2.jp/shop/minerva/index.html,https://www.host2.jp/shop/minerva/neo/index.html,https://www.host2.jp/shop/minerva/neo/pr01-thum.jpg,1,2026-09-24,1,41,,,https://x.com/neo_naruse777,"Public Host2 monthly rank + public national popularity/TikTok exact-name matches; X link is recorded, not scored as follower popularity.",582,歌舞伎町ホストクラブ,face
流星,UNIVERSE -LUX-,https://www.host2.jp/shop/universelux/index.html,https://www.host2.jp/shop/universelux/ryusei/index.html,https://www.host2.jp/shop/universelux/ryusei/pr01-thum.jpg,1,2026-09-24,1,41,,,,"Public Host2 monthly rank + public national popularity/TikTok exact-name matches; X link is recorded, not scored as follower popularity.",582,大阪／ミナミホストクラブ,unknown
神夜ノア,ICE,https://www.host2.jp/shop/ice_hiroshima/index.html,https://www.host2.jp/shop/ice_hiroshima/noa/index.html,https://www.host2.jp/shop/ice_hiroshima/noa/pr01-thum.jpg,1,2026-09-24,1,41,,,,"Public Host2 monthly rank + public national popularity/TikTok exact-name matches; X link is recorded, not scored as follower popularity.",582,広島／広島ホストクラブ,face
凛音,REGOLITH -本店-,https://www.host2.jp/shop/regolith/index.html,https://www.host2.jp/shop/regolith/rion/index.html,https://www.host2.jp/shop/regolith/rion/pr01-thum.jpg,1,2026-09-24,1,40,,,https://x.com/regolith_host,"Public Host2 monthly rank + public national popularity/TikTok exact-name matches; X link is recorded, not scored as follower popularity.",580,大阪／ミナミホストクラブ,unknown
壱ノ瀬 童磨,STYLE,https://www.host2.jp/shop/p31st/index.html,https://www.host2.jp/shop/p31st/douma/index.html,https://www.host2.jp/shop/p31st/douma/pr01-thum.jpg,1,2026-09-24,1,40,,,https://x.com/doumadayo,"Public Host2 monthly rank + public national popularity/TikTok exact-name matches; X link is recorded, not scored as follower popularity.",580,大阪／ミナミホストクラブ,face
尚弥,Roots,https://www.host2.jp/shop/roots_gd/index.html,https://www.host2.jp/shop/roots_gd/naoya/index.html,https://www.host2.jp/shop/roots_gd/naoya/pr01-thum.jpg,1,2026-09-24,1,40,,,,"Public Host2 monthly rank + public national popularity/TikTok exact-name matches; X link is recorded, not scored as follower popularity.",580,歌舞伎町ホストクラブ,unknown
帝 世那,FILIA,https://www.host2.jp/shop/filia/index.html,https://www.host2.jp/shop/filia/sena/index.html,https://www.host2.jp/shop/filia/sena/pr01-thum.jpg,1,2026-09-24,1,40,,,https://x.com/mikasena1016,"Public Host2 monthly rank + public national popularity/TikTok exact-name matches; X link is recorded, not scored as follower popularity.",580,歌舞伎町ホストクラブ,unknown
流川 れおん,Dio,https://www.host2.jp/shop/dio2/index.html,https://www.host2.jp/shop/dio2/reon/index.html,https://www.host2.jp/shop/dio2/reon/pr01-thum.jpg,1,2026-09-24,1,40,,,https://x.com/clubdio00,"Public Host2 monthly rank + public national popularity/TikTok exact-name matches; X link is recorded, not scored as follower popularity.",580,歌舞伎町ホストクラブ,unknown
roku,yellow,https://www.host2.jp/shop/yellow01/index.html,https://www.host2.jp/shop/yellow01/roku01/index.html,https://www.host2.jp/shop/yellow01/roku01/pr01-thum.jpg,1,2026-09-24,1,39,,,https://x.com/yellow_gdcolors,"Public Host2 monthly rank + public national popularity/TikTok exact-name matches; X link is recorded, not scored as follower popularity.",578,歌舞伎町ホストクラブ,unknown
あひるの空,ALLSTAR -本店-,https://www.host2.jp/shop/allstar/index.html,https://www.host2.jp/shop/allstar/sora/index.html,https://www.host2.jp/shop/allstar/sora/pr01-thum.jpg,1,2026-09-24,1,39,,,https://x.com/ALLSTAR202101,"Public Host2 monthly rank + public national popularity/TikTok exact-name matches; X link is recorded, not scored as follower popularity.",578,大阪／ミナミホストクラブ,unknown
かーいーだよー,DREAM本店,https://www.host2.jp/shop/dreamgd/index.html,https://www.host2.jp/shop/dreamgd/kaidayo/index.html,https://www.host2.jp/shop/dreamgd/kaidayo/pr01-thum.jpg,1,2026-09-24,1,39,,,https://x.com/DREAMBOT8910,"Public Host2 monthly rank + public national popularity/TikTok exact-name matches; X link is recorded, not scored as follower popularity.",578,歌舞伎町ホストクラブ,unknown
壱馬,P'CE UMEDA,https://www.host2.jp/shop/pceumeda/index.html,https://www.host2.jp/shop/pceumeda/kazuma/index.html,https://www.host2.jp/shop/pceumeda/kazuma/pr01-thum.jpg,1,2026-09-24,1,39,,,,"Public Host2 monthly rank + public national popularity/TikTok exact-name matches; X link is recorded, not scored as follower popularity.",578,大阪／キタホストクラブ,unknown
岳,TOP DANDY JUICE,https://www.host2.jp/shop/topdandy_juice/index.html,https://www.host2.jp/shop/topdandy_juice/gaku/index.html,https://www.host2.jp/shop/topdandy_juice/gaku/pr01-thum.jpg,1,2026-09-24,1,39,,,https://x.com/gaku_juice,"Public Host2 monthly rank + public national popularity/TikTok exact-name matches; X link is recorded, not scored as follower popularity.",578,歌舞伎町ホストクラブ,unknown
志龍エイト,ACQUA FUKUOKA,https://www.host2.jp/shop/acquafukuoka/index.html,https://www.host2.jp/shop/acquafukuoka/eito/index.html,https://www.host2.jp/shop/acquafukuoka/eito/pr01-thum.jpg,1,2026-09-24,1,39,,,https://x.com/acqua_fukuoka_,"Public Host2 monthly rank + public national popularity/TikTok exact-name matches; X link is recorded, not scored as follower popularity.",578,福岡／中洲・天神ホストクラブ,unknown
波旬,Destiny -acro-,https://www.host2.jp/shop/acro/index.html,https://www.host2.jp/shop/acro/hajun/index.html,https://www.host2.jp/shop/acro/hajun/pr01-thum.jpg,1,2026-09-24,1,39,,,https://x.com/clubdestiny_t,"Public Host2 monthly rank + public national popularity/TikTok exact-name matches; X link is recorded, not scored as follower popularity.",578,香川／高松ホストクラブ,unknown
範馬玲王,PARADISE,https://www.host2.jp/shop/paradise/index.html,https://www.host2.jp/shop/paradise/reo/index.html,https://www.host2.jp/shop/paradise/reo/pr01-thum.jpg,1,2026-09-24,1,39,,,,"Public Host2 monthly rank + public national popularity/TikTok exact-name matches; X link is recorded, not scored as follower popularity.",578,石川／金沢ホストクラブ,unknown
綺冴凛 優翔,A-TOP -MONSTAR-,https://www.host2.jp/shop/a-top/index.html,https://www.host2.jp/shop/a-top/yuto/index.html,https://www.host2.jp/shop/a-top/yuto/pr01-thum.jpg,1,2026-09-24,1,39,,,,"Public Host2 monthly rank + public national popularity/TikTok exact-name matches; X link is recorded, not scored as follower popularity.",578,大阪／ミナミホストクラブ,unknown
華宮 慧,ATTRA,https://www.host2.jp/shop/attra/index.html,https://www.host2.jp/shop/attra/kei/index.html,https://www.host2.jp/shop/attra/kei/pr01-thum.jpg,1,2026-09-24,1,39,,,https://x.com/agroup_host,"Public Host2 monthly rank + public national popularity/TikTok exact-name matches; X link is recorded, not scored as follower popularity.",578,歌舞伎町ホストクラブ,unknown
齋藤 一,BREAK -OMIYA group dandy-,https://www.host2.jp/shop/break2/index.html,https://www.host2.jp/shop/break2/panpukun/index.html,https://www.host2.jp/shop/break2/panpukun/pr01-thum.jpg,1,2026-09-24,1,39,,,https://x.com/Breakomiya,"Public Host2 monthly rank + public national popularity/TikTok exact-name matches; X link is recorded, not scored as follower popularity.",578,埼玉／大宮ホストクラブ,unknown
きらら,BC REBORN REBOOT -REBORN-,https://www.host2.jp/shop/bcreboot/index.html,https://www.host2.jp/shop/bcreboot/kirara/index.html,https://www.host2.jp/shop/bcreboot/kirara/pr01-thum.jpg,1,2026-09-24,1,38,,,,"Public Host2 monthly rank + public national popularity/TikTok exact-name matches; X link is recorded, not scored as follower popularity.",576,大阪／ミナミホストクラブ,unknown
ゆいと,CIEL,https://www.host2.jp/shop/ciel/index.html,https://www.host2.jp/shop/ciel/yuito/index.html,https://www.host2.jp/shop/ciel/yuito/pr01-thum.jpg,1,2026-09-24,1,38,,,https://x.com/clubciel0711,"Public Host2 monthly rank + public national popularity/TikTok exact-name matches; X link is recorded, not scored as follower popularity.",576,歌舞伎町ホストクラブ,unknown
りーくん,LEX,https://www.host2.jp/shop/lex_gd/index.html,https://www.host2.jp/shop/lex_gd/rikun/index.html,https://www.host2.jp/shop/lex_gd/rikun/pr01-thum.jpg,1,2026-09-24,1,38,,,https://x.com/groupdandy_lex,"Public Host2 monthly rank + public national popularity/TikTok exact-name matches; X link is recorded, not scored as follower popularity.",576,歌舞伎町ホストクラブ,face
九条 蓮,COLORS PLATINUM,https://www.host2.jp/shop/colorsplatinam/index.html,https://www.host2.jp/shop/colorsplatinam/ren2/index.html,https://www.host2.jp/shop/colorsplatinam/ren2/pr01-thum.jpg,1,2026-09-24,1,38,,,https://x.com/1234PLATINUM,"Public Host2 monthly rank + public national popularity/TikTok exact-name matches; X link is recorded, not scored as follower popularity.",576,愛知／名古屋ホストクラブ,unknown
夜風冬夜,B.T.S  -HONTEN-,https://www.host2.jp/shop/bts02/index.html,https://www.host2.jp/shop/bts02/toya/index.html,https://www.host2.jp/shop/bts02/toya/pr01-thum.jpg,1,2026-09-24,1,38,,,https://x.com/club_b_t_s,"Public Host2 monthly rank + public national popularity/TikTok exact-name matches; X link is recorded, not scored as follower popularity.",576,歌舞伎町ホストクラブ,unknown
天音恋愛,UNITED Dear's -本店-,https://www.host2.jp/shop/uniteddears/index.html,https://www.host2.jp/shop/uniteddears/rea/index.html,https://www.host2.jp/shop/uniteddears/rea/pr01-thum.jpg,1,2026-09-24,1,38,,,https://x.com/dearsunited,"Public Host2 monthly rank + public national popularity/TikTok exact-name matches; X link is recorded, not scored as follower popularity.",576,歌舞伎町ホストクラブ,unknown
晴人,AUB,https://www.host2.jp/shop/aub/index.html,https://www.host2.jp/shop/aub/haruto02/index.html,https://www.host2.jp/shop/aub/haruto02/pr01-thum.jpg,1,2026-09-24,1,38,,,https://x.com/aub_airgroup,"Public Host2 monthly rank + public national popularity/TikTok exact-name matches; X link is recorded, not scored as follower popularity.",576,歌舞伎町ホストクラブ,unknown
渋谷 凰,SINCE YOU...α,https://www.host2.jp/shop/sinceyoua/index.html,https://www.host2.jp/shop/sinceyoua/otori/index.html,https://www.host2.jp/shop/sinceyoua/otori/pr01-thum.jpg,1,2026-09-24,1,38,,,https://x.com/Sinceyou_a,"Public Host2 monthly rank + public national popularity/TikTok exact-name matches; X link is recorded, not scored as follower popularity.",576,歌舞伎町ホストクラブ,unknown
煌月 渉,No.9 by ACQUA,https://www.host2.jp/shop/no9/index.html,https://www.host2.jp/shop/no9/wataru01/index.html,https://www.host2.jp/shop/no9/wataru01/pr01-thum.jpg,1,2026-09-24,1,38,,,https://x.com/Akzkwtr,"Public Host2 monthly rank + public national popularity/TikTok exact-name matches; X link is recorded, not scored as follower popularity.",576,歌舞伎町ホストクラブ,unknown
黒白メイ,GENTLY TOKYO,https://www.host2.jp/shop/gentlytokyo/index.html,https://www.host2.jp/shop/gentlytokyo/mei01/index.html,https://www.host2.jp/shop/gentlytokyo/mei01/pr01-thum.jpg,1,2026-09-24,1,38,,,https://x.com/panda_spl,"Public Host2 monthly rank + public national popularity/TikTok exact-name matches; X link is recorded, not scored as follower popularity.",576,歌舞伎町ホストクラブ,unknown
あき,NEO PLUS,https://www.host2.jp/shop/neoplus/index.html,https://www.host2.jp/shop/neoplus/aki/index.html,https://www.host2.jp/shop/neoplus/aki/pr01-thum.jpg,1,2026-09-24,1,37,,,https://x.com/akp624,"Public Host2 monthly rank + public national popularity/TikTok exact-name matches; X link is recorded, not scored as follower popularity.",574,歌舞伎町ホストクラブ,unknown
いより,CRYSTAL,https://www.host2.jp/shop/crystal02/index.html,https://www.host2.jp/shop/crystal02/iyori/index.html,https://www.host2.jp/shop/crystal02/iyori/pr01-thum.jpg,1,2026-09-24,1,37,,,,"Public Host2 monthly rank + public national popularity/TikTok exact-name matches; X link is recorded, not scored as follower popularity.",574,歌舞伎町ホストクラブ,unknown
れいな,Beat Crush -ZERO-,https://www.host2.jp/shop/bczero/index.html,https://www.host2.jp/shop/bczero/reina/index.html,https://www.host2.jp/shop/bczero/reina/pr01-thum.jpg,1,2026-09-24,1,37,,,,"Public Host2 monthly rank + public national popularity/TikTok exact-name matches; X link is recorded, not scored as follower popularity.",574,大阪／ミナミホストクラブ,unknown
アレン,CANDYS HEAVEN,https://www.host2.jp/shop/heaven_gd/index.html,https://www.host2.jp/shop/heaven_gd/aren/index.html,https://www.host2.jp/shop/heaven_gd/aren/pr01-thum.jpg,1,2026-09-24,1,37,,,https://x.com/heaven_sns,"Public Host2 monthly rank + public national popularity/TikTok exact-name matches; X link is recorded, not scored as follower popularity.",574,歌舞伎町ホストクラブ,unknown
ディエゴ,DEAR'S ACE,https://www.host2.jp/shop/dearsaces01/index.html,https://www.host2.jp/shop/dearsaces01/dhiego/index.html,https://www.host2.jp/shop/dearsaces01/dhiego/pr01-thum.jpg,1,2026-09-24,1,37,,,https://x.com/dearsace,"Public Host2 monthly rank + public national popularity/TikTok exact-name matches; X link is recorded, not scored as follower popularity.",574,歌舞伎町ホストクラブ,unknown
ハウル,BLACK GOLD ,https://www.host2.jp/shop/blackgoldvivid/index.html,https://www.host2.jp/shop/blackgoldvivid/hauru/index.html,https://www.host2.jp/shop/blackgoldvivid/hauru/pr01-thum.jpg,1,2026-09-24,1,37,,,https://x.com/BLACK_GOLD_V,"Public Host2 monthly rank + public national popularity/TikTok exact-name matches; X link is recorded, not scored as follower popularity.",574,愛知／名古屋ホストクラブ,unknown
凜成,APiTS,https://www.host2.jp/shop/apits/index.html,https://www.host2.jp/shop/apits/rinsei/index.html,https://www.host2.jp/shop/apits/rinsei/pr01-thum.jpg,1,2026-09-24,1,37,,,https://x.com/trinityrecruit_,"Public Host2 monthly rank + public national popularity/TikTok exact-name matches; X link is recorded, not scored as follower popularity.",574,歌舞伎町ホストクラブ,unknown
帝リキヤ,AVALON,https://www.host2.jp/shop/avalon01/index.html,https://www.host2.jp/shop/avalon01/rikiya/index.html,https://www.host2.jp/shop/avalon01/rikiya/pr01-thum.jpg,1,2026-09-24,1,37,,,https://x.com/m56338635,"Public Host2 monthly rank + public national popularity/TikTok exact-name matches; X link is recorded, not scored as follower popularity.",574,歌舞伎町ホストクラブ,unknown
愛瀬 恋,COLORS YOKOHAMA,https://www.host2.jp/shop/colorsyokohama/index.html,https://www.host2.jp/shop/colorsyokohama/ren00/index.html,https://www.host2.jp/shop/colorsyokohama/ren00/pr01-thum.jpg,1,2026-09-24,1,37,,,https://x.com/ultraxcolors2,"Public Host2 monthly rank + public national popularity/TikTok exact-name matches; X link is recorded, not scored as follower popularity.",574,神奈川／横浜ホストクラブ,unknown
皇 要,FANCY,https://www.host2.jp/shop/fancy/index.html,https://www.host2.jp/shop/fancy/kaname/index.html,https://www.host2.jp/shop/fancy/kaname/pr01-thum.jpg,1,2026-09-24,1,37,,,https://x.com/CLUBFANCY2,"Public Host2 monthly rank + public national popularity/TikTok exact-name matches; X link is recorded, not scored as follower popularity.",574,歌舞伎町ホストクラブ,unknown
雅,ROGERS King's -1st-,https://www.host2.jp/shop/rogers/index.html,https://www.host2.jp/shop/rogers/miyabi/index.html,https://www.host2.jp/shop/rogers/miyabi/pr01-thum.jpg,1,2026-09-24,1,37,,,https://x.com/NoKa51329555,"Public Host2 monthly rank + public national popularity/TikTok exact-name matches; X link is recorded, not scored as follower popularity.",574,大阪／ミナミホストクラブ,unknown
黒崎 剛,RESISTANCE,https://www.host2.jp/shop/resistance/index.html,https://www.host2.jp/shop/resistance/go/index.html,https://www.host2.jp/shop/resistance/go/pr01-thum.jpg,1,2026-09-24,1,37,,,https://x.com/club_resistance,"Public Host2 monthly rank + public national popularity/TikTok exact-name matches; X link is recorded, not scored as follower popularity.",574,歌舞伎町ホストクラブ,unknown
SHOZO,LIPS,https://www.host2.jp/shop/lips/index.html,https://www.host2.jp/shop/lips/shozo/index.html,https://www.host2.jp/shop/lips/shozo/pr01-thum.jpg,1,2026-09-24,1,36,,,https://x.com/shozo_lips,"Public Host2 monthly rank + public national popularity/TikTok exact-name matches; X link is recorded, not scored as follower popularity.",572,歌舞伎町ホストクラブ,unknown
アラン,ROMANCE,https://www.host2.jp/shop/romance1/index.html,https://www.host2.jp/shop/romance1/aran/index.html,https://www.host2.jp/shop/romance1/aran/pr01-thum.jpg,1,2026-09-24,1,36,,,https://x.com/ROMANCE_RSG,"Public Host2 monthly rank + public national popularity/TikTok exact-name matches; X link is recorded, not scored as follower popularity.",572,歌舞伎町ホストクラブ,unknown
一ノ瀬 流輝,Dear's大阪,https://www.host2.jp/shop/dearsosaka/index.html,https://www.host2.jp/shop/dearsosaka/ruka/index.html,https://www.host2.jp/shop/dearsosaka/ruka/pr01-thum.jpg,1,2026-09-24,1,36,,,https://x.com/dears_ruka,"Public Host2 monthly rank + public national popularity/TikTok exact-name matches; X link is recorded, not scored as follower popularity.",572,大阪／ミナミホストクラブ,unknown
午後レイジ,FioRe,https://www.host2.jp/shop/fiore01/index.html,https://www.host2.jp/shop/fiore01/reiji/index.html,https://www.host2.jp/shop/fiore01/reiji/pr01-thum.jpg,1,2026-09-24,1,36,,,https://x.com/PMreiji,"Public Host2 monthly rank + public national popularity/TikTok exact-name matches; X link is recorded, not scored as follower popularity.",572,歌舞伎町ホストクラブ,unknown
反逆の空,SIX TOKYO -HONTEN-,https://www.host2.jp/shop/sixtokyo2/index.html,https://www.host2.jp/shop/sixtokyo2/sora/index.html,https://www.host2.jp/shop/sixtokyo2/sora/pr01-thum.jpg,1,2026-09-24,1,36,,,https://x.com/sora08276,"Public Host2 monthly rank + public national popularity/TikTok exact-name matches; X link is recorded, not scored as follower popularity.",572,歌舞伎町ホストクラブ,unknown
大夢,TRIDENT,https://www.host2.jp/shop/trident/index.html,https://www.host2.jp/shop/trident/hiromu/index.html,https://www.host2.jp/shop/trident/hiromu/pr01-thum.jpg,1,2026-09-24,1,36,,,https://x.com/hiromu92397,"Public Host2 monthly rank + public national popularity/TikTok exact-name matches; X link is recorded, not scored as follower popularity.",572,歌舞伎町ホストクラブ,unknown
志垣 翔,AWAKE,https://www.host2.jp/shop/awake/index.html,https://www.host2.jp/shop/awake/guriko/index.html,https://www.host2.jp/shop/awake/guriko/pr01-thum.jpg,1,2026-09-24,1,36,,,https://x.com/AWAKE_2018,"Public Host2 monthly rank + public national popularity/TikTok exact-name matches; X link is recorded, not scored as follower popularity.",572,歌舞伎町ホストクラブ,unknown
恵助,COLORS神奈川,https://www.host2.jp/shop/colorsk/index.html,https://www.host2.jp/shop/colorsk/keisuke/index.html,https://www.host2.jp/shop/colorsk/keisuke/pr01-thum.jpg,1,2026-09-24,1,36,,,https://x.com/peekpom,"Public Host2 monthly rank + public national popularity/TikTok exact-name matches; X link is recorded, not scored as follower popularity.",572,神奈川／川崎ホストクラブ,unknown
日高瑠依,YOUTH,https://www.host2.jp/shop/youth__/index.html,https://www.host2.jp/shop/youth__/rui01/index.html,https://www.host2.jp/shop/youth__/rui01/pr01-thum.jpg,1,2026-09-24,1,36,,,https://x.com/ruirui_youth,"Public Host2 monthly rank + public national popularity/TikTok exact-name matches; X link is recorded, not scored as follower popularity.",572,大阪／ミナミホストクラブ,unknown
淳,愛本店,https://www.host2.jp/shop/aihonten/index.html,https://www.host2.jp/shop/aihonten/atsushi/index.html,https://www.host2.jp/shop/aihonten/atsushi/pr01-thum.jpg,1,2026-09-24,1,36,,,https://x.com/DKMbEwQKzX2o14q,"Public Host2 monthly rank + public national popularity/TikTok exact-name matches; X link is recorded, not scored as follower popularity.",572,歌舞伎町ホストクラブ,unknown
美咲ユウ,LALA,https://www.host2.jp/shop/lala/index.html,https://www.host2.jp/shop/lala/yu01/index.html,https://www.host2.jp/shop/lala/yu01/pr01-thum.jpg,1,2026-09-24,1,36,,,https://x.com/AIR_LALA,"Public Host2 monthly rank + public national popularity/TikTok exact-name matches; X link is recorded, not scored as follower popularity.",572,歌舞伎町ホストクラブ,unknown
AOYAMA GAKU,KIRAMEKI,https://www.host2.jp/shop/kirameki/index.html,https://www.host2.jp/shop/kirameki/gaku/index.html,https://www.host2.jp/shop/kirameki/gaku/pr01-thum.jpg,1,2026-09-24,1,35,,,,"Public Host2 monthly rank + public national popularity/TikTok exact-name matches; X link is recorded, not scored as follower popularity.",570,愛知／名古屋ホストクラブ,unknown
あすい るる,Lilian,https://www.host2.jp/shop/lilian/index.html,https://www.host2.jp/shop/lilian/ruru/index.html,https://www.host2.jp/shop/lilian/ruru/pr01-thum.jpg,1,2026-09-24,1,35,,,https://x.com/ruru8v6,"Public Host2 monthly rank + public national popularity/TikTok exact-name matches; X link is recorded, not scored as follower popularity.",570,池袋ホストクラブ,unknown
優生,THE RICHARD,https://www.host2.jp/shop/richard/index.html,https://www.host2.jp/shop/richard/yui/index.html,https://www.host2.jp/shop/richard/yui/pr01-thum.jpg,1,2026-09-24,1,35,,,,"Public Host2 monthly rank + public national popularity/TikTok exact-name matches; X link is recorded, not scored as follower popularity.",570,福岡／中洲・天神ホストクラブ,unknown
徳川流一,THE CLUB -本店-,https://www.host2.jp/shop/theclub2/index.html,https://www.host2.jp/shop/theclub2/ryuichi/index.html,https://www.host2.jp/shop/theclub2/ryuichi/pr01-thum.jpg,1,2026-09-24,1,35,,,https://x.com/azzzm2929,"Public Host2 monthly rank + public national popularity/TikTok exact-name matches; X link is recorded, not scored as follower popularity.",570,歌舞伎町ホストクラブ,unknown
海瞳優真,Luminous,https://www.host2.jp/shop/luminous/index.html,https://www.host2.jp/shop/luminous/yuma/index.html,https://www.host2.jp/shop/luminous/yuma/pr01-thum.jpg,1,2026-09-24,1,35,,,https://x.com/luminous0209,"Public Host2 monthly rank + public national popularity/TikTok exact-name matches; X link is recorded, not scored as follower popularity.",570,歌舞伎町ホストクラブ,unknown
湊音かをる,Dear's CROWN,https://www.host2.jp/shop/dearscrown/index.html,https://www.host2.jp/shop/dearscrown/minato/index.html,https://www.host2.jp/shop/dearscrown/minato/pr01-thum.jpg,1,2026-09-24,1,35,,,https://x.com/minatokaworu37,"Public Host2 monthly rank + public national popularity/TikTok exact-name matches; X link is recorded, not scored as follower popularity.",570,歌舞伎町ホストクラブ,unknown
V,AXEL by ACQUA,https://www.host2.jp/shop/axel/index.html,https://www.host2.jp/shop/axel/v/index.html,https://www.host2.jp/shop/axel/v/pr01-thum.jpg,1,2026-09-24,1,34,,,https://x.com/axelbyacqua3,"Public Host2 monthly rank + public national popularity/TikTok exact-name matches; X link is recorded, not scored as follower popularity.",568,歌舞伎町ホストクラブ,unknown
すーぱーにゃんにゃん(たろ),Celeste -OSAKA-,https://www.host2.jp/shop/celeste_osaka/index.html,https://www.host2.jp/shop/celeste_osaka/taro00/index.html,https://www.host2.jp/shop/celeste_osaka/taro00/pr01-thum.jpg,1,2026-09-24,1,34,,,https://x.com/Celesteosaka,"Public Host2 monthly rank + public national popularity/TikTok exact-name matches; X link is recorded, not scored as follower popularity.",568,大阪／ミナミホストクラブ,unknown
とわ,Cruise,https://www.host2.jp/shop/cruise/index.html,https://www.host2.jp/shop/cruise/towa2/index.html,https://www.host2.jp/shop/cruise/towa2/pr01-thum.jpg,1,2026-09-24,1,34,,,https://x.com/towa_cruise,"Public Host2 monthly rank + public national popularity/TikTok exact-name matches; X link is recorded, not scored as follower popularity.",568,歌舞伎町ホストクラブ,unknown
凪 海斗,ACQUA,https://www.host2.jp/shop/acqua/index.html,https://www.host2.jp/shop/acqua/nagi04/index.html,https://www.host2.jp/shop/acqua/nagi04/pr01-thum.jpg,1,2026-09-24,1,34,,,https://x.com/acqua_kaito,"Public Host2 monthly rank + public national popularity/TikTok exact-name matches; X link is recorded, not scored as follower popularity.",568,歌舞伎町ホストクラブ,unknown
天使かいと,GRAN -TOKYO-,https://www.host2.jp/shop/gran4/index.html,https://www.host2.jp/shop/gran4/kaito/index.html,https://www.host2.jp/shop/gran4/kaito/pr01-thum.jpg,1,2026-09-24,1,34,,,https://twitter.com/GRAN20160408,"Public Host2 monthly rank + public national popularity/TikTok exact-name matches; X link is recorded, not scored as follower popularity.",568,歌舞伎町ホストクラブ,unknown
如月星夜,Real,https://www.host2.jp/shop/real_ehime/index.html,https://www.host2.jp/shop/real_ehime/seiya/index.html,https://www.host2.jp/shop/real_ehime/seiya/pr01-thum.jpg,1,2026-09-24,1,34,,,,"Public Host2 monthly rank + public national popularity/TikTok exact-name matches; X link is recorded, not scored as follower popularity.",568,愛媛／松山ホストクラブ,unknown
空条咲希,JEALOUS,https://www.host2.jp/shop/jealous/index.html,https://www.host2.jp/shop/jealous/saki2/index.html,https://www.host2.jp/shop/jealous/saki2/pr01-thum.jpg,1,2026-09-24,1,34,,,,"Public Host2 monthly rank + public national popularity/TikTok exact-name matches; X link is recorded, not scored as follower popularity.",568,愛知／名古屋ホストクラブ,unknown
轟メルト,CENTURY TOKYO,https://www.host2.jp/shop/century02/index.html,https://www.host2.jp/shop/century02/merusedesu/index.html,https://www.host2.jp/shop/century02/merusedesu/pr01-thum.jpg,1,2026-09-24,1,34,,,https://x.com/the_mercedes_1,"Public Host2 monthly rank + public national popularity/TikTok exact-name matches; X link is recorded, not scored as follower popularity.",568,歌舞伎町ホストクラブ,unknown
零王,CODE,https://www.host2.jp/shop/code/index.html,https://www.host2.jp/shop/code/reo1/index.html,https://www.host2.jp/shop/code/reo1/pr01-thum.jpg,1,2026-09-24,1,34,,,https://x.com/pce_code,"Public Host2 monthly rank + public national popularity/TikTok exact-name matches; X link is recorded, not scored as follower popularity.",568,大阪／ミナミホストクラブ,unknown
Suguru,アンフェア,https://www.host2.jp/shop/fairbet/index.html,https://www.host2.jp/shop/fairbet/suguru/index.html,https://www.host2.jp/shop/fairbet/suguru/pr01-thum.jpg,1,2026-09-24,1,33,,,https://x.com/suchan_simple,"Public Host2 monthly rank + public national popularity/TikTok exact-name matches; X link is recorded, not scored as follower popularity.",566,大阪／ミナミホストクラブ,unknown
ヒル舞 優真,GENTLY,https://www.host2.jp/shop/gently_osaka/index.html,https://www.host2.jp/shop/gently_osaka/yuma2/index.html,https://www.host2.jp/shop/gently_osaka/yuma2/pr01-thum.jpg,1,2026-09-24,1,33,,,https://x.com/gentlyosaka,"Public Host2 monthly rank + public national popularity/TikTok exact-name matches; X link is recorded, not scored as follower popularity.",566,大阪／ミナミホストクラブ,unknown
中村 有,Drop,https://www.host2.jp/shop/drop/index.html,https://www.host2.jp/shop/drop/yu02/index.html,https://www.host2.jp/shop/drop/yu02/pr01-thum.jpg,1,2026-09-24,1,33,,,https://x.com/yuu_drop0129,"Public Host2 monthly rank + public national popularity/TikTok exact-name matches; X link is recorded, not scored as follower popularity.",566,歌舞伎町ホストクラブ,unknown
悠,Dear's sapporo,https://www.host2.jp/shop/dearssapporo/index.html,https://www.host2.jp/shop/dearssapporo/yu/index.html,https://www.host2.jp/shop/dearssapporo/yu/pr01-thum.jpg,1,2026-09-24,1,33,,,https://x.com/da38cc,"Public Host2 monthly rank + public national popularity/TikTok exact-name matches; X link is recorded, not scored as follower popularity.",566,北海道／ススキノホストクラブ,unknown
直樹,Men's & Queen,https://www.host2.jp/shop/mensandqueen/index.html,https://www.host2.jp/shop/mensandqueen/naoki01/index.html,https://www.host2.jp/shop/mensandqueen/naoki01/pr01-thum.jpg,1,2026-09-24,1,33,,,https://x.com/menqui_lcolle,"Public Host2 monthly rank + public national popularity/TikTok exact-name matches; X link is recorded, not scored as follower popularity.",566,歌舞伎町ホストクラブ,unknown
道明寺 翔,MINERVA FUKUOKA,https://www.host2.jp/shop/minervafukuoka/index.html,https://www.host2.jp/shop/minervafukuoka/sho00/index.html,https://www.host2.jp/shop/minervafukuoka/sho00/pr01-thum.jpg,1,2026-09-24,1,33,,,https://x.com/minerva_fukuoka,"Public Host2 monthly rank + public national popularity/TikTok exact-name matches; X link is recorded, not scored as follower popularity.",566,福岡／中洲・天神ホストクラブ,unknown
遥 彼方,youth nagoya -本店-,https://www.host2.jp/shop/youth_nagoya/index.html,https://www.host2.jp/shop/youth_nagoya/kanata/index.html,https://www.host2.jp/shop/youth_nagoya/kanata/pr01-thum.jpg,1,2026-09-24,1,33,,,,"Public Host2 monthly rank + public national popularity/TikTok exact-name matches; X link is recorded, not scored as follower popularity.",566,愛知／名古屋ホストクラブ,unknown
A-E-G,RAISE,https://www.host2.jp/shop/raise01/index.html,https://www.host2.jp/shop/raise01/eiji/index.html,https://www.host2.jp/shop/raise01/eiji/pr01-thum.jpg,1,2026-09-24,1,32,,,,"Public Host2 monthly rank + public national popularity/TikTok exact-name matches; X link is recorded, not scored as follower popularity.",564,歌舞伎町ホストクラブ,unknown
七星 蒼,BABY,https://www.host2.jp/shop/baby/index.html,https://www.host2.jp/shop/baby/aoi/index.html,https://www.host2.jp/shop/baby/aoi/pr01-thum.jpg,1,2026-09-24,1,32,,,,"Public Host2 monthly rank + public national popularity/TikTok exact-name matches; X link is recorded, not scored as follower popularity.",564,歌舞伎町ホストクラブ,unknown
如月 嵐,CIPHER,https://www.host2.jp/shop/cipher/index.html,https://www.host2.jp/shop/cipher/ran/index.html,https://www.host2.jp/shop/cipher/ran/pr01-thum.jpg,1,2026-09-24,1,32,,,https://x.com/rhenyoshioka1,"Public Host2 monthly rank + public national popularity/TikTok exact-name matches; X link is recorded, not scored as follower popularity.",564,大阪／ミナミホストクラブ,unknown
希空,STORIA,https://www.host2.jp/shop/storia/index.html,https://www.host2.jp/shop/storia/noa/index.html,https://www.host2.jp/shop/storia/noa/pr01-thum.jpg,1,2026-09-24,1,32,,,https://x.com/storia_kabuki,"Public Host2 monthly rank + public national popularity/TikTok exact-name matches; X link is recorded, not scored as follower popularity.",564,歌舞伎町ホストクラブ,unknown
愛恋,ALF,https://www.host2.jp/shop/alf/index.html,https://www.host2.jp/shop/alf/aren02/index.html,https://www.host2.jp/shop/alf/aren02/pr01-thum.jpg,1,2026-09-24,1,32,,,,"Public Host2 monthly rank + public national popularity/TikTok exact-name matches; X link is recorded, not scored as follower popularity.",564,歌舞伎町ホストクラブ,unknown
玄野 計,TOP DANDY vivid,https://www.host2.jp/shop/topdandyvivid/index.html,https://www.host2.jp/shop/topdandyvivid/kuro/index.html,https://www.host2.jp/shop/topdandyvivid/kuro/pr01-thum.jpg,1,2026-09-24,1,32,,,https://x.com/kkei_vivid,"Public Host2 monthly rank + public national popularity/TikTok exact-name matches; X link is recorded, not scored as follower popularity.",564,歌舞伎町ホストクラブ,unknown
黒瀬 萊,Mode.,https://www.host2.jp/shop/mode/index.html,https://www.host2.jp/shop/mode/rai/index.html,https://www.host2.jp/shop/mode/rai/pr01-thum.jpg,1,2026-09-24,1,32,,,,"Public Host2 monthly rank + public national popularity/TikTok exact-name matches; X link is recorded, not scored as follower popularity.",564,群馬／前橋ホストクラブ,unknown
UTA,GRAND FES -by HAREM-,https://www.host2.jp/shop/grandfes/index.html,https://www.host2.jp/shop/grandfes/uta/index.html,https://www.host2.jp/shop/grandfes/uta/pr01-thum.jpg,1,2026-09-24,1,31,,,https://x.com/uta0_uta1_uta3,"Public Host2 monthly rank + public national popularity/TikTok exact-name matches; X link is recorded, not scored as follower popularity.",562,歌舞伎町ホストクラブ,unknown
こゆき,IRIS,https://www.host2.jp/shop/iris_kanazawa/index.html,https://www.host2.jp/shop/iris_kanazawa/koyuki/index.html,https://www.host2.jp/shop/iris_kanazawa/koyuki/pr01-thum.jpg,1,2026-09-24,1,31,,,,"Public Host2 monthly rank + public national popularity/TikTok exact-name matches; X link is recorded, not scored as follower popularity.",562,石川／金沢ホストクラブ,unknown
ジロウ,MARIA,https://www.host2.jp/shop/maria1/index.html,https://www.host2.jp/shop/maria1/jiro/index.html,https://www.host2.jp/shop/maria1/jiro/pr01-thum.jpg,1,2026-09-24,1,31,,,,"Public Host2 monthly rank + public national popularity/TikTok exact-name matches; X link is recorded, not scored as follower popularity.",562,大阪／ミナミホストクラブ,unknown
ユウキ,Avid,https://www.host2.jp/shop/avid/index.html,https://www.host2.jp/shop/avid/yuki2/index.html,https://www.host2.jp/shop/avid/yuki2/pr01-thum.jpg,1,2026-09-24,1,31,,,,"Public Host2 monthly rank + public national popularity/TikTok exact-name matches; X link is recorded, not scored as follower popularity.",562,広島／広島ホストクラブ,unknown
一條レイヤ,HANG OVER,https://www.host2.jp/shop/hangover/index.html,https://www.host2.jp/shop/hangover/reiya/index.html,https://www.host2.jp/shop/hangover/reiya/pr01-thum.jpg,1,2026-09-24,1,31,,,https://x.com/salvia05916208,"Public Host2 monthly rank + public national popularity/TikTok exact-name matches; X link is recorded, not scored as follower popularity.",562,歌舞伎町ホストクラブ,unknown
亜結人,ALL,https://www.host2.jp/shop/all_okayama/index.html,https://www.host2.jp/shop/all_okayama/ayuto/index.html,https://www.host2.jp/shop/all_okayama/ayuto/pr01-thum.jpg,1,2026-09-24,1,31,,,,"Public Host2 monthly rank + public national popularity/TikTok exact-name matches; X link is recorded, not scored as follower popularity.",562,岡山／岡山ホストクラブ,unknown
平野ルカ,GOLD,https://www.host2.jp/shop/gold/index.html,https://www.host2.jp/shop/gold/ruka01/index.html,https://www.host2.jp/shop/gold/ruka01/pr01-thum.jpg,1,2026-09-24,1,31,,,https://x.com/club__gold,"Public Host2 monthly rank + public national popularity/TikTok exact-name matches; X link is recorded, not scored as follower popularity.",562,歌舞伎町ホストクラブ,unknown
桜木ハル,ALL NOTORIOUS,https://www.host2.jp/shop/allnotorious/index.html,https://www.host2.jp/shop/allnotorious/haru2/index.html,https://www.host2.jp/shop/allnotorious/haru2/pr01-thum.jpg,1,2026-09-24,1,31,,,,"Public Host2 monthly rank + public national popularity/TikTok exact-name matches; X link is recorded, not scored as follower popularity.",562,歌舞伎町ホストクラブ,unknown
水咲空夜,VOCE,https://www.host2.jp/shop/voce/index.html,https://www.host2.jp/shop/voce/ryuya/index.html,https://www.host2.jp/shop/voce/ryuya/pr01-thum.jpg,1,2026-09-24,1,31,,,https://x.com/kuuya0225,"Public Host2 monthly rank + public national popularity/TikTok exact-name matches; X link is recorded, not scored as follower popularity.",562,歌舞伎町ホストクラブ,unknown
綺咲水輝,VALENCIA,https://www.host2.jp/shop/valencia/index.html,https://www.host2.jp/shop/valencia/mizuki/index.html,https://www.host2.jp/shop/valencia/mizuki/pr01-thum.jpg,1,2026-09-24,1,31,,,https://x.com/mizuki_valencia,"Public Host2 monthly rank + public national popularity/TikTok exact-name matches; X link is recorded, not scored as follower popularity.",562,北海道／ススキノホストクラブ,unknown
緋音モモ,JEANBART,https://www.host2.jp/shop/jeanbart1st/index.html,https://www.host2.jp/shop/jeanbart1st/momo/index.html,https://www.host2.jp/shop/jeanbart1st/momo/pr01-thum.jpg,1,2026-09-24,1,31,,,,"Public Host2 monthly rank + public national popularity/TikTok exact-name matches; X link is recorded, not scored as follower popularity.",562,大阪／ミナミホストクラブ,unknown
花の海,AIR -SAPPORO-,https://www.host2.jp/shop/air_sapporo/index.html,https://www.host2.jp/shop/air_sapporo/kaier/index.html,https://www.host2.jp/shop/air_sapporo/kaier/pr01-thum.jpg,1,2026-09-24,1,31,,,https://x.com/AirSapporo,"Public Host2 monthly rank + public national popularity/TikTok exact-name matches; X link is recorded, not scored as follower popularity.",562,北海道／ススキノホストクラブ,unknown
蒼汰,Re:Act,https://www.host2.jp/shop/react/index.html,https://www.host2.jp/shop/react/sota2/index.html,https://www.host2.jp/shop/react/sota2/pr01-thum.jpg,1,2026-09-24,1,31,,,https://x.com/Club_Re_Act,"Public Host2 monthly rank + public national popularity/TikTok exact-name matches; X link is recorded, not scored as follower popularity.",562,歌舞伎町ホストクラブ,unknown
輝咲冬真,BEAST,https://www.host2.jp/shop/beast/index.html,https://www.host2.jp/shop/beast/toma/index.html,https://www.host2.jp/shop/beast/toma/pr01-thum.jpg,1,2026-09-24,1,31,,,https://x.com/beast_touma_ep,"Public Host2 monthly rank + public national popularity/TikTok exact-name matches; X link is recorded, not scored as follower popularity.",562,大阪／ミナミホストクラブ,unknown
輝美玲人,QUEENS OSAKA,https://www.host2.jp/shop/queensosaka/index.html,https://www.host2.jp/shop/queensosaka/reito000/index.html,https://www.host2.jp/shop/queensosaka/reito000/pr01-thum.jpg,1,2026-09-24,1,31,,,,"Public Host2 monthly rank + public national popularity/TikTok exact-name matches; X link is recorded, not scored as follower popularity.",562,大阪／ミナミホストクラブ,unknown
銀次郎,NEVERLAND,https://www.host2.jp/shop/neverland/index.html,https://www.host2.jp/shop/neverland/ginziro/index.html,https://www.host2.jp/shop/neverland/ginziro/pr01-thum.jpg,1,2026-09-24,1,31,,,,"Public Host2 monthly rank + public national popularity/TikTok exact-name matches; X link is recorded, not scored as follower popularity.",562,大阪／ミナミホストクラブ,unknown
雪宮 椿,Glow,https://www.host2.jp/shop/glow01/index.html,https://www.host2.jp/shop/glow01/tsubaki/index.html,https://www.host2.jp/shop/glow01/tsubaki/pr01-thum.jpg,1,2026-09-24,1,31,,,https://x.com/tsubaki_grow,"Public Host2 monthly rank + public national popularity/TikTok exact-name matches; X link is recorded, not scored as follower popularity.",562,歌舞伎町ホストクラブ,unknown
鳳 潤夜,Lovereath,https://www.host2.jp/shop/lovereath/index.html,https://www.host2.jp/shop/lovereath/junya/index.html,https://www.host2.jp/shop/lovereath/junya/pr01-thum.jpg,1,2026-09-24,1,31,,,,"Public Host2 monthly rank + public national popularity/TikTok exact-name matches; X link is recorded, not scored as follower popularity.",562,北海道／ススキノホストクラブ,unknown
りょう,Ruby,https://www.host2.jp/shop/ruby01/index.html,https://www.host2.jp/shop/ruby01/ryo/index.html,https://www.host2.jp/shop/ruby01/ryo/pr01-thum.jpg,1,2026-09-24,1,30,,,,"Public Host2 monthly rank + public national popularity/TikTok exact-name matches; X link is recorded, not scored as follower popularity.",560,歌舞伎町ホストクラブ,unknown
マオ。,No.9 SAPPORO by ACQUA,https://www.host2.jp/shop/no9_sapporo/index.html,https://www.host2.jp/shop/no9_sapporo/mao/index.html,https://www.host2.jp/shop/no9_sapporo/mao/pr01-thum.jpg,1,2026-09-24,1,30,,,https://x.com/6phw8Q0KKXGUrg8,"Public Host2 monthly rank + public national popularity/TikTok exact-name matches; X link is recorded, not scored as follower popularity.",560,北海道／ススキノホストクラブ,unknown
一ノ瀬 紘人,ETERNAL STAR -groupdandy-,https://www.host2.jp/shop/eternalstar/index.html,https://www.host2.jp/shop/eternalstar/hiroto/index.html,https://www.host2.jp/shop/eternalstar/hiroto/pr01-thum.jpg,1,2026-09-24,1,30,,,https://x.com/kanenomoujya_1,"Public Host2 monthly rank + public national popularity/TikTok exact-name matches; X link is recorded, not scored as follower popularity.",560,神奈川／横浜ホストクラブ,unknown
夜桜 春,JEANNE D'ARC,https://www.host2.jp/shop/jeannedarc01/index.html,https://www.host2.jp/shop/jeannedarc01/haru/index.html,https://www.host2.jp/shop/jeannedarc01/haru/pr01-thum.jpg,1,2026-09-24,1,30,,,https://x.com/yggdrasill_ygd,"Public Host2 monthly rank + public national popularity/TikTok exact-name matches; X link is recorded, not scored as follower popularity.",560,歌舞伎町ホストクラブ,unknown
如月 翔,NEXT -HAREM-,https://www.host2.jp/shop/nextharem/index.html,https://www.host2.jp/shop/nextharem/sho/index.html,https://www.host2.jp/shop/nextharem/sho/pr01-thum.jpg,1,2026-09-24,1,30,,,,"Public Host2 monthly rank + public national popularity/TikTok exact-name matches; X link is recorded, not scored as follower popularity.",560,歌舞伎町ホストクラブ,unknown
妃咲叶桜,ESPRINCE,https://www.host2.jp/shop/ESPRINCE/index.html,https://www.host2.jp/shop/ESPRINCE/kanon/index.html,https://www.host2.jp/shop/ESPRINCE/kanon/pr01-thum.jpg,1,2026-09-24,1,30,,,https://x.com/espr_kanon,"Public Host2 monthly rank + public national popularity/TikTok exact-name matches; X link is recorded, not scored as follower popularity.",560,福岡／中洲・天神ホストクラブ,unknown
小宇宙DAIGO,Vi-Lay,https://www.host2.jp/shop/vilay/index.html,https://www.host2.jp/shop/vilay/daigo/index.html,https://www.host2.jp/shop/vilay/daigo/pr01-thum.jpg,1,2026-09-24,1,30,,,,"Public Host2 monthly rank + public national popularity/TikTok exact-name matches; X link is recorded, not scored as follower popularity.",560,池袋ホストクラブ,unknown
春希,CINDERELLA GROUP -本店-,https://www.host2.jp/shop/cinderellagrouphonten/index.html,https://www.host2.jp/shop/cinderellagrouphonten/haruki1/index.html,https://www.host2.jp/shop/cinderellagrouphonten/haruki1/pr01-thum.jpg,1,2026-09-24,1,30,,,,"Public Host2 monthly rank + public national popularity/TikTok exact-name matches; X link is recorded, not scored as follower popularity.",560,愛知／名古屋ホストクラブ,unknown
桜木真司,AVENGERS ZERO,https://www.host2.jp/shop/avengers_zero/index.html,https://www.host2.jp/shop/avengers_zero/shinji/index.html,https://www.host2.jp/shop/avengers_zero/shinji/pr01-thum.jpg,1,2026-09-24,1,30,,,https://x.com/AVENGERSZERO55,"Public Host2 monthly rank + public national popularity/TikTok exact-name matches; X link is recorded, not scored as follower popularity.",560,北海道／ススキノホストクラブ,unknown
水咲 天,FUYUTSUKI -Duo-,https://www.host2.jp/shop/dezonduo/index.html,https://www.host2.jp/shop/dezonduo/ten02/index.html,https://www.host2.jp/shop/dezonduo/ten02/pr01-thum.jpg,1,2026-09-24,1,30,,,https://x.com/mizusaki_ten,"Public Host2 monthly rank + public national popularity/TikTok exact-name matches; X link is recorded, not scored as follower popularity.",560,歌舞伎町ホストクラブ,unknown
流川りおん,S PIDA,https://www.host2.jp/shop/spida/index.html,https://www.host2.jp/shop/spida/rion/index.html,https://www.host2.jp/shop/spida/rion/pr01-thum.jpg,1,2026-09-24,1,30,,,https://x.com/spida_sakito_gd,"Public Host2 monthly rank + public national popularity/TikTok exact-name matches; X link is recorded, not scored as follower popularity.",560,歌舞伎町ホストクラブ,unknown
玄,ARK OCEAN,https://www.host2.jp/shop/arkocean/index.html,https://www.host2.jp/shop/arkocean/gen/index.html,https://www.host2.jp/shop/arkocean/gen/pr01-thum.jpg,1,2026-09-24,1,30,,,,"Public Host2 monthly rank + public national popularity/TikTok exact-name matches; X link is recorded, not scored as follower popularity.",560,愛知／名古屋ホストクラブ,unknown
百瀬威吹,EMPEROR,https://www.host2.jp/shop/emperor/index.html,https://www.host2.jp/shop/emperor/ibuki/index.html,https://www.host2.jp/shop/emperor/ibuki/pr01-thum.jpg,1,2026-09-24,1,30,,,,"Public Host2 monthly rank + public national popularity/TikTok exact-name matches; X link is recorded, not scored as follower popularity.",560,香川／高松ホストクラブ,unknown
神楽水 雷輝,Dewor,https://www.host2.jp/shop/dewor/index.html,https://www.host2.jp/shop/dewor/raiki/index.html,https://www.host2.jp/shop/dewor/raiki/pr01-thum.jpg,1,2026-09-24,1,30,,,https://x.com/Club_Dewor,"Public Host2 monthly rank + public national popularity/TikTok exact-name matches; X link is recorded, not scored as follower popularity.",560,神奈川／横浜ホストクラブ,unknown
緋咲光聖,RED SAPPORO,https://www.host2.jp/shop/red_sapporo/index.html,https://www.host2.jp/shop/red_sapporo/kosei/index.html,https://www.host2.jp/shop/red_sapporo/kosei/pr01-thum.jpg,1,2026-09-24,1,30,,,https://x.com/red_sapporo,"Public Host2 monthly rank + public national popularity/TikTok exact-name matches; X link is recorded, not scored as follower popularity.",560,北海道／ススキノホストクラブ,unknown
赤羽エイト,VEAST -ignite-,https://www.host2.jp/shop/veast/index.html,https://www.host2.jp/shop/veast/eito/index.html,https://www.host2.jp/shop/veast/eito/pr01-thum.jpg,1,2026-09-24,1,30,,,,"Public Host2 monthly rank + public national popularity/TikTok exact-name matches; X link is recorded, not scored as follower popularity.",560,福岡／中洲・天神ホストクラブ,unknown
隼,MAJESTY -NOVA-,https://www.host2.jp/shop/majesty_nova/index.html,https://www.host2.jp/shop/majesty_nova/jun/index.html,https://www.host2.jp/shop/majesty_nova/jun/pr01-thum.jpg,1,2026-09-24,1,30,,,https://x.com/nova_ngg,"Public Host2 monthly rank + public national popularity/TikTok exact-name matches; X link is recorded, not scored as follower popularity.",560,歌舞伎町ホストクラブ,unknown
七瀬 紬,club nika,https://www.host2.jp/shop/nika/index.html,https://www.host2.jp/shop/nika/tsumugi/index.html,https://www.host2.jp/shop/nika/tsumugi/pr01-thum.jpg,1,2026-09-24,1,29,,,,"Public Host2 monthly rank + public national popularity/TikTok exact-name matches; X link is recorded, not scored as follower popularity.",558,歌舞伎町ホストクラブ,face
冥条 翠,Dear's Lucia,https://www.host2.jp/shop/dearsluciaosaka/index.html,https://www.host2.jp/shop/dearsluciaosaka/sui/index.html,https://www.host2.jp/shop/dearsluciaosaka/sui/pr01-thum.jpg,1,2026-09-24,1,29,,,https://x.com/Lucia__spl,"Public Host2 monthly rank + public national popularity/TikTok exact-name matches; X link is recorded, not scored as follower popularity.",558,大阪／ミナミホストクラブ,unknown
天月鯉伴,COLORS NOIR ,https://www.host2.jp/shop/noircolors/index.html,https://www.host2.jp/shop/noircolors/rihan/index.html,https://www.host2.jp/shop/noircolors/rihan/pr01-thum.jpg,1,2026-09-24,1,29,,,,"Public Host2 monthly rank + public national popularity/TikTok exact-name matches; X link is recorded, not scored as follower popularity.",558,愛知／名古屋ホストクラブ,unknown
天音瑠珂,I am -本店-,https://www.host2.jp/shop/iam/index.html,https://www.host2.jp/shop/iam/ruka2/index.html,https://www.host2.jp/shop/iam/ruka2/pr01-thum.jpg,1,2026-09-24,1,29,,,,"Public Host2 monthly rank + public national popularity/TikTok exact-name matches; X link is recorded, not scored as follower popularity.",558,群馬／伊勢崎ホストクラブ,unknown
来栖胡桃,HAPPY by ACQUA,https://www.host2.jp/shop/happy_by_acqua/index.html,https://www.host2.jp/shop/happy_by_acqua/kurumi/index.html,https://www.host2.jp/shop/happy_by_acqua/kurumi/pr01-thum.jpg,1,2026-09-24,1,29,,,https://x.com/kurumi_0819_22,"Public Host2 monthly rank + public national popularity/TikTok exact-name matches; X link is recorded, not scored as follower popularity.",558,歌舞伎町ホストクラブ,unknown
美咲湊月,HAWKINS,https://www.host2.jp/shop/hawkins/index.html,https://www.host2.jp/shop/hawkins/mitsuki/index.html,https://www.host2.jp/shop/hawkins/mitsuki/pr01-thum.jpg,1,2026-09-24,1,29,,,https://x.com/mikyy08094725,"Public Host2 monthly rank + public national popularity/TikTok exact-name matches; X link is recorded, not scored as follower popularity.",558,歌舞伎町ホストクラブ,unknown
美堂 聖,AIR DIAMOND,https://www.host2.jp/shop/airdiamond/index.html,https://www.host2.jp/shop/airdiamond/koki/index.html,https://www.host2.jp/shop/airdiamond/koki/pr01-thum.jpg,1,2026-09-24,1,29,,,https://x.com/kouki_mido,"Public Host2 monthly rank + public national popularity/TikTok exact-name matches; X link is recorded, not scored as follower popularity.",558,歌舞伎町ホストクラブ,unknown
美堂春樹,ARIEL,https://www.host2.jp/shop/arielspring/index.html,https://www.host2.jp/shop/arielspring/haruki/index.html,https://www.host2.jp/shop/arielspring/haruki/pr01-thum.jpg,1,2026-09-24,1,29,,,https://x.com/yumekuiharuki,"Public Host2 monthly rank + public national popularity/TikTok exact-name matches; X link is recorded, not scored as follower popularity.",558,歌舞伎町ホストクラブ,unknown
芳村愛支,ЯEVIVAL,https://www.host2.jp/shop/revival02/index.html,https://www.host2.jp/shop/revival02/eto/index.html,https://www.host2.jp/shop/revival02/eto/pr01-thum.jpg,1,2026-09-24,1,29,,,https://x.com/RevivalTokyo,"Public Host2 monthly rank + public national popularity/TikTok exact-name matches; X link is recorded, not scored as follower popularity.",558,歌舞伎町ホストクラブ,unknown
葵,Nyx,https://www.host2.jp/shop/nyx_k/index.html,https://www.host2.jp/shop/nyx_k/aoi/index.html,https://www.host2.jp/shop/nyx_k/aoi/pr01-thum.jpg,1,2026-09-24,1,29,,,https://x.com/aoi_isp,"Public Host2 monthly rank + public national popularity/TikTok exact-name matches; X link is recorded, not scored as follower popularity.",558,歌舞伎町ホストクラブ,unknown
Koo,SUITE,https://www.host2.jp/shop/suite/index.html,https://www.host2.jp/shop/suite/koo/index.html,https://www.host2.jp/shop/suite/koo/pr01-thum.jpg,1,2026-09-24,1,28,,,https://x.com/SinphoniaSuite,"Public Host2 monthly rank + public national popularity/TikTok exact-name matches; X link is recorded, not scored as follower popularity.",556,岡山／岡山ホストクラブ,unknown
あやと,PARTY,https://www.host2.jp/shop/party2/index.html,https://www.host2.jp/shop/party2/ayato/index.html,https://www.host2.jp/shop/party2/ayato/pr01-thum.jpg,1,2026-09-24,1,28,,,,"Public Host2 monthly rank + public national popularity/TikTok exact-name matches; X link is recorded, not scored as follower popularity.",556,栃木／宇都宮ホストクラブ,unknown
せな,Rigel,https://www.host2.jp/shop/rigel/index.html,https://www.host2.jp/shop/rigel/sena/index.html,https://www.host2.jp/shop/rigel/sena/pr01-thum.jpg,1,2026-09-24,1,28,,,https://x.com/rigel_sena0618,"Public Host2 monthly rank + public national popularity/TikTok exact-name matches; X link is recorded, not scored as follower popularity.",556,大阪／ミナミホストクラブ,unknown
ゆってぃーまたの名は黒羽蘭舞,Berry,https://www.host2.jp/shop/berry/index.html,https://www.host2.jp/shop/berry/yuttei/index.html,https://www.host2.jp/shop/berry/yuttei/pr01-thum.jpg,1,2026-09-24,1,28,,,https://x.com/baliseny,"Public Host2 monthly rank + public national popularity/TikTok exact-name matches; X link is recorded, not scored as follower popularity.",556,北海道／ススキノホストクラブ,unknown
七星 颯,Dear's BACHELOR,https://www.host2.jp/shop/dearsbachelor/index.html,https://www.host2.jp/shop/dearsbachelor/hayate/index.html,https://www.host2.jp/shop/dearsbachelor/hayate/pr01-thum.jpg,1,2026-09-24,1,28,,,https://x.com/hayate_bachelor,"Public Host2 monthly rank + public national popularity/TikTok exact-name matches; X link is recorded, not scored as follower popularity.",556,大阪／ミナミホストクラブ,unknown
凛,LOVELY,https://www.host2.jp/shop/lovely/index.html,https://www.host2.jp/shop/lovely/rin/index.html,https://www.host2.jp/shop/lovely/rin/pr01-thum.jpg,1,2026-09-24,1,28,,,,"Public Host2 monthly rank + public national popularity/TikTok exact-name matches; X link is recorded, not scored as follower popularity.",556,大阪／ミナミホストクラブ,unknown
凪咲,crown -sapporo-,https://www.host2.jp/shop/crown_sapporo/index.html,https://www.host2.jp/shop/crown_sapporo/nagisa/index.html,https://www.host2.jp/shop/crown_sapporo/nagisa/pr01-thum.jpg,1,2026-09-24,1,28,,,,"Public Host2 monthly rank + public national popularity/TikTok exact-name matches; X link is recorded, not scored as follower popularity.",556,北海道／ススキノホストクラブ,unknown
天使メイ,GIFT,https://www.host2.jp/shop/gift/index.html,https://www.host2.jp/shop/gift/mei/index.html,https://www.host2.jp/shop/gift/mei/pr01-thum.jpg,1,2026-09-24,1,28,,,https://x.com/mei_GIFT_,"Public Host2 monthly rank + public national popularity/TikTok exact-name matches; X link is recorded, not scored as follower popularity.",556,大阪／ミナミホストクラブ,unknown
天羽 翔,Felicia,https://www.host2.jp/shop/felicia/index.html,https://www.host2.jp/shop/felicia/sho/index.html,https://www.host2.jp/shop/felicia/sho/pr01-thum.jpg,1,2026-09-24,1,28,,,https://x.com/felicia_kobe,"Public Host2 monthly rank + public national popularity/TikTok exact-name matches; X link is recorded, not scored as follower popularity.",556,兵庫／神戸ホストクラブ,unknown
姫乃 昴,FUYUTSUKI -PURGE-,https://www.host2.jp/shop/purge/index.html,https://www.host2.jp/shop/purge/subaru/index.html,https://www.host2.jp/shop/purge/subaru/pr01-thum.jpg,1,2026-09-24,1,28,,,https://x.com/FUYUTSUKI_PURGE,"Public Host2 monthly rank + public national popularity/TikTok exact-name matches; X link is recorded, not scored as follower popularity.",556,歌舞伎町ホストクラブ,unknown
愛希人,STNY,https://www.host2.jp/shop/stny/index.html,https://www.host2.jp/shop/stny/akito/index.html,https://www.host2.jp/shop/stny/akito/pr01-thum.jpg,1,2026-09-24,1,28,,,,"Public Host2 monthly rank + public national popularity/TikTok exact-name matches; X link is recorded, not scored as follower popularity.",556,岡山／岡山ホストクラブ,unknown
成宮 染,Ragnus,https://www.host2.jp/shop/ragnus/index.html,https://www.host2.jp/shop/ragnus/sen/index.html,https://www.host2.jp/shop/ragnus/sen/pr01-thum.jpg,1,2026-09-24,1,28,,,https://x.com/ragnus_kyuujin,"Public Host2 monthly rank + public national popularity/TikTok exact-name matches; X link is recorded, not scored as follower popularity.",556,北海道／ススキノホストクラブ,unknown
柊月 真,FUTURE,https://www.host2.jp/shop/future/index.html,https://www.host2.jp/shop/future/shin/index.html,https://www.host2.jp/shop/future/shin/pr01-thum.jpg,1,2026-09-24,1,28,,,,"Public Host2 monthly rank + public national popularity/TikTok exact-name matches; X link is recorded, not scored as follower popularity.",556,大阪／ミナミホストクラブ,unknown
添星,youth platinum,https://www.host2.jp/shop/youthplatinum/index.html,https://www.host2.jp/shop/youthplatinum/tensei/index.html,https://www.host2.jp/shop/youthplatinum/tensei/pr01-thum.jpg,1,2026-09-24,1,28,,,,"Public Host2 monthly rank + public national popularity/TikTok exact-name matches; X link is recorded, not scored as follower popularity.",556,愛知／名古屋ホストクラブ,unknown
湊,UNITED Dear's -cray-G-,https://www.host2.jp/shop/cray-g/index.html,https://www.host2.jp/shop/cray-g/minato/index.html,https://www.host2.jp/shop/cray-g/minato/pr01-thum.jpg,1,2026-09-24,1,28,,,https://x.com/craygspl,"Public Host2 monthly rank + public national popularity/TikTok exact-name matches; X link is recorded, not scored as follower popularity.",556,歌舞伎町ホストクラブ,unknown
瑛太,WATER WORLD -1st-,https://www.host2.jp/shop/waterworld1st/index.html,https://www.host2.jp/shop/waterworld1st/eita/index.html,https://www.host2.jp/shop/waterworld1st/eita/pr01-thum.jpg,1,2026-09-24,1,28,,,,"Public Host2 monthly rank + public national popularity/TikTok exact-name matches; X link is recorded, not scored as follower popularity.",556,大阪／ミナミホストクラブ,unknown
紡,HANDSOME,https://www.host2.jp/shop/trend/index.html,https://www.host2.jp/shop/trend/tsumugu02/index.html,https://www.host2.jp/shop/trend/tsumugu02/pr01-thum.jpg,1,2026-09-24,1,28,,,https://x.com/HANDSOME1514827,"Public Host2 monthly rank + public national popularity/TikTok exact-name matches; X link is recorded, not scored as follower popularity.",556,歌舞伎町ホストクラブ,unknown
風磨,ROMEO & JULIET,https://www.host2.jp/shop/rj/index.html,https://www.host2.jp/shop/rj/fuma/index.html,https://www.host2.jp/shop/rj/fuma/pr01-thum.jpg,1,2026-09-24,1,28,,,,"Public Host2 monthly rank + public national popularity/TikTok exact-name matches; X link is recorded, not scored as follower popularity.",556,歌舞伎町ホストクラブ,unknown
Naoki,CLOUD NiNe,https://www.host2.jp/shop/cloud_nine/index.html,https://www.host2.jp/shop/cloud_nine/naoki/index.html,https://www.host2.jp/shop/cloud_nine/naoki/pr01-thum.jpg,1,2026-09-24,1,27,,,,"Public Host2 monthly rank + public national popularity/TikTok exact-name matches; X link is recorded, not scored as follower popularity.",554,北海道／ススキノホストクラブ,unknown
おおぞらあおい,Merci,https://www.host2.jp/shop/merci01/index.html,https://www.host2.jp/shop/merci01/aoi/index.html,https://www.host2.jp/shop/merci01/aoi/pr01-thum.jpg,1,2026-09-24,1,27,,,https://x.com/merci_club2020,"Public Host2 monthly rank + public national popularity/TikTok exact-name matches; X link is recorded, not scored as follower popularity.",554,歌舞伎町ホストクラブ,unknown
なつきひなた,EPISODE -by groupdandy-,https://www.host2.jp/shop/episode_/index.html,https://www.host2.jp/shop/episode_/hinata2/index.html,https://www.host2.jp/shop/episode_/hinata2/pr01-thum.jpg,1,2026-09-24,1,27,,,https://x.com/natsuhina1031,"Public Host2 monthly rank + public national popularity/TikTok exact-name matches; X link is recorded, not scored as follower popularity.",554,歌舞伎町ホストクラブ,unknown
一条逢夢,BLUE,https://www.host2.jp/shop/blue/index.html,https://www.host2.jp/shop/blue/amu/index.html,https://www.host2.jp/shop/blue/amu/pr01-thum.jpg,1,2026-09-24,1,27,,,https://x.com/amuamu_gd,"Public Host2 monthly rank + public national popularity/TikTok exact-name matches; X link is recorded, not scored as follower popularity.",554,歌舞伎町ホストクラブ,unknown
伊達将宗,I am GENTLEMAN,https://www.host2.jp/shop/iamgentleman/index.html,https://www.host2.jp/shop/iamgentleman/masamune/index.html,https://www.host2.jp/shop/iamgentleman/masamune/pr01-thum.jpg,1,2026-09-24,1,27,,,,"Public Host2 monthly rank + public national popularity/TikTok exact-name matches; X link is recorded, not scored as follower popularity.",554,群馬／伊勢崎ホストクラブ,unknown
印南 春,RHYTHM,https://www.host2.jp/shop/rhythm/index.html,https://www.host2.jp/shop/rhythm/haru/index.html,https://www.host2.jp/shop/rhythm/haru/pr01-thum.jpg,1,2026-09-24,1,27,,,https://x.com/ioo__haru__ooi,"Public Host2 monthly rank + public national popularity/TikTok exact-name matches; X link is recorded, not scored as follower popularity.",554,歌舞伎町ホストクラブ,unknown
夏目,FUYUTSUKI -P2-,https://www.host2.jp/shop/p202/index.html,https://www.host2.jp/shop/p202/natsume/index.html,https://www.host2.jp/shop/p202/natsume/pr01-thum.jpg,1,2026-09-24,1,27,,,https://x.com/p2_fghd_,"Public Host2 monthly rank + public national popularity/TikTok exact-name matches; X link is recorded, not scored as follower popularity.",554,歌舞伎町ホストクラブ,face
廉,Luis-Atena-,https://www.host2.jp/shop/atena/index.html,https://www.host2.jp/shop/atena/ren2/index.html,https://www.host2.jp/shop/atena/ren2/pr01-thum.jpg,1,2026-09-24,1,27,,,,"Public Host2 monthly rank + public national popularity/TikTok exact-name matches; X link is recorded, not scored as follower popularity.",554,兵庫／神戸ホストクラブ,unknown
柊 りと,Chrono,https://www.host2.jp/shop/chronoosaka/index.html,https://www.host2.jp/shop/chronoosaka/rito/index.html,https://www.host2.jp/shop/chronoosaka/rito/pr01-thum.jpg,1,2026-09-24,1,89,,,https://x.com/chrono_pce,"Public Host2 monthly rank + public national popularity/TikTok exact-name matches; X link is recorded, not scored as follower popularity.",660,大阪／ミナミホストクラブ,unknown
永瀬 楓,AIM,https://www.host2.jp/shop/aim/index.html,https://www.host2.jp/shop/aim/kaede/index.html,https://www.host2.jp/shop/aim/kaede/pr01-thum.jpg,1,2026-09-24,1,88,,,https://x.com/kaede_3024,"Public Host2 monthly rank + public national popularity/TikTok exact-name matches; X link is recorded, not scored as follower popularity.",660,福岡／中洲・天神ホストクラブ,unknown
珠璃,A.I.M,https://www.host2.jp/shop/aim2/index.html,https://www.host2.jp/shop/aim2/neo/index.html,https://www.host2.jp/shop/aim2/neo/pr01-thum.jpg,1,2026-09-24,1,88,,,https://x.com/aim_airgroup,"Public Host2 monthly rank + public national popularity/TikTok exact-name matches; X link is recorded, not scored as follower popularity.",660,歌舞伎町ホストクラブ,unknown
蓮,VALHALLA,https://www.host2.jp/shop/valhalla10/index.html,https://www.host2.jp/shop/valhalla10/ren/index.html,https://www.host2.jp/shop/valhalla10/ren/pr01-thum.jpg,1,2026-09-24,1,110,,,,"Public Host2 monthly rank + public national popularity/TikTok exact-name matches; X link is recorded, not scored as follower popularity.",660,福岡／中洲・天神ホストクラブ,unknown
葵 加菜,WHITE,https://www.host2.jp/shop/white/index.html,https://www.host2.jp/shop/white/kana/index.html,https://www.host2.jp/shop/white/kana/pr01-thum.jpg,1,2026-09-24,1,59,,,,"Public Host2 monthly rank + public national popularity/TikTok exact-name matches; X link is recorded, not scored as follower popularity.",618,静岡／静岡ホストクラブ,unknown
夜,ADAM,https://www.host2.jp/shop/adam/index.html,https://www.host2.jp/shop/adam/yoru/index.html,https://www.host2.jp/shop/adam/yoru/pr01-thum.jpg,1,2026-09-24,1,57,,,,"Public Host2 monthly rank + public national popularity/TikTok exact-name matches; X link is recorded, not scored as follower popularity.",614,大阪／ミナミホストクラブ,unknown
月ノ流華,ABYSS,https://www.host2.jp/shop/abyss_nagoya/index.html,https://www.host2.jp/shop/abyss_nagoya/ruka02/index.html,https://www.host2.jp/shop/abyss_nagoya/ruka02/pr01-thum.jpg,1,2026-09-24,1,57,,,,"Public Host2 monthly rank + public national popularity/TikTok exact-name matches; X link is recorded, not scored as follower popularity.",614,愛知／名古屋ホストクラブ,unknown
水,L2,https://www.host2.jp/shop/l2/index.html,https://www.host2.jp/shop/l2/sui/index.html,https://www.host2.jp/shop/l2/sui/pr01-thum.jpg,1,2026-09-24,1,56,,,https://x.com/l2_groupdandy_,"Public Host2 monthly rank + public national popularity/TikTok exact-name matches; X link is recorded, not scored as follower popularity.",612,歌舞伎町ホストクラブ,unknown
鳳 雅人,LAGUNA,https://www.host2.jp/shop/laguna2/index.html,https://www.host2.jp/shop/laguna2/masato/index.html,https://www.host2.jp/shop/laguna2/masato/pr01-thum.jpg,1,2026-09-24,1,55,,,,"Public Host2 monthly rank + public national popularity/TikTok exact-name matches; X link is recorded, not scored as follower popularity.",610,群馬／伊勢崎ホストクラブ,unknown
希空,Re:BORN,https://www.host2.jp/shop/reborn_gd/index.html,https://www.host2.jp/shop/reborn_gd/noa01/index.html,https://www.host2.jp/shop/reborn_gd/noa01/pr01-thum.jpg,1,2026-09-24,1,52,,,,"Public Host2 monthly rank + public national popularity/TikTok exact-name matches; X link is recorded, not scored as follower popularity.",604,歌舞伎町ホストクラブ,unknown
時凪 瞬,BLACK,https://www.host2.jp/shop/black/index.html,https://www.host2.jp/shop/black/shun/index.html,https://www.host2.jp/shop/black/shun/pr01-thum.jpg,1,2026-09-24,1,52,,,,"Public Host2 monthly rank + public national popularity/TikTok exact-name matches; X link is recorded, not scored as follower popularity.",604,岡山／岡山ホストクラブ,unknown
長瀬 仁,KING,https://www.host2.jp/shop/king_osaka/index.html,https://www.host2.jp/shop/king_osaka/jin/index.html,https://www.host2.jp/shop/king_osaka/jin/pr01-thum.jpg,1,2026-09-24,1,47,,,,"Public Host2 monthly rank + public national popularity/TikTok exact-name matches; X link is recorded, not scored as follower popularity.",594,大阪／ミナミホストクラブ,unknown
水瀬 薫,LEGEND,https://www.host2.jp/shop/legend01/index.html,https://www.host2.jp/shop/legend01/kaoru02/index.html,https://www.host2.jp/shop/legend01/kaoru02/pr01-thum.jpg,1,2026-09-24,1,43,,,https://x.com/kaoruclubvip,"Public Host2 monthly rank + public national popularity/TikTok exact-name matches; X link is recorded, not scored as follower popularity.",586,歌舞伎町ホストクラブ,unknown
夜宵ゆう,EARTH,https://www.host2.jp/shop/earth02/index.html,https://www.host2.jp/shop/earth02/yu/index.html,https://www.host2.jp/shop/earth02/yu/pr01-thum.jpg,1,2026-09-24,1,42,,,,"Public Host2 monthly rank + public national popularity/TikTok exact-name matches; X link is recorded, not scored as follower popularity.",584,福岡／中洲・天神ホストクラブ,unknown
琉川光輝,Fate,https://www.host2.jp/shop/fate3/index.html,https://www.host2.jp/shop/fate3/koki/index.html,https://www.host2.jp/shop/fate3/koki/pr01-thum.jpg,1,2026-09-24,1,42,,,,"Public Host2 monthly rank + public national popularity/TikTok exact-name matches; X link is recorded, not scored as follower popularity.",584,群馬／太田ホストクラブ,unknown
神咲あらた,Roots,https://www.host2.jp/shop/roots_takamatsu/index.html,https://www.host2.jp/shop/roots_takamatsu/arata/index.html,https://www.host2.jp/shop/roots_takamatsu/arata/pr01-thum.jpg,1,2026-09-24,1,40,,,https://x.com/kanzaki_flex,"Public Host2 monthly rank + public national popularity/TikTok exact-name matches; X link is recorded, not scored as follower popularity.",580,香川／高松ホストクラブ,unknown
結夜,REAL,https://www.host2.jp/shop/real/index.html,https://www.host2.jp/shop/real/yuya/index.html,https://www.host2.jp/shop/real/yuya/pr01-thum.jpg,1,2026-09-24,1,34,,,,"Public Host2 monthly rank + public national popularity/TikTok exact-name matches; X link is recorded, not scored as follower popularity.",568,小岩ホストクラブ,unknown
黒崎おみ,MIKADO,https://www.host2.jp/shop/mikado/index.html,https://www.host2.jp/shop/mikado/omi/index.html,https://www.host2.jp/shop/mikado/omi/pr01-thum.jpg,1,2026-09-24,1,34,,,https://x.com/MIKADOnagoya,"Public Host2 monthly rank + public national popularity/TikTok exact-name matches; X link is recorded, not scored as follower popularity.",568,愛知／名古屋ホストクラブ,unknown
渚月 玲,IRIS,https://www.host2.jp/shop/iris/index.html,https://www.host2.jp/shop/iris/rei/index.html,https://www.host2.jp/shop/iris/rei/pr01-thum.jpg,1,2026-09-24,1,31,,,,"Public Host2 monthly rank + public national popularity/TikTok exact-name matches; X link is recorded, not scored as follower popularity.",562,愛媛／松山ホストクラブ,unknown
M,A.I.M,https://www.host2.jp/shop/a-i-m/index.html,https://www.host2.jp/shop/a-i-m/m/index.html,https://www.host2.jp/shop/a-i-m/m/pr01-thum.jpg,2,2026-09-24,2,88,,,https://x.com/club__aim,"Public Host2 monthly rank + public national popularity/TikTok exact-name matches; X link is recorded, not scored as follower popularity.",560,石川／金沢ホストクラブ,unknown
Rock☆Raito,Chrono,https://www.host2.jp/shop/chronoosaka/index.html,https://www.host2.jp/shop/chronoosaka/raito/index.html,https://www.host2.jp/shop/chronoosaka/raito/pr01-thum.jpg,2,2026-09-24,2,89,,,https://x.com/rockraitochrono,"Public Host2 monthly rank + public national popularity/TikTok exact-name matches; X link is recorded, not scored as follower popularity.",560,大阪／ミナミホストクラブ,unknown
ジャン グク,YGGDRASILL,https://www.host2.jp/shop/yggdrasill01/index.html,https://www.host2.jp/shop/yggdrasill01/guku/index.html,https://www.host2.jp/shop/yggdrasill01/guku/pr01-thum.jpg,2,2026-09-24,2,112,,,https://x.com/jangkook_ygd,"Public Host2 monthly rank + public national popularity/TikTok exact-name matches; X link is recorded, not scored as follower popularity.",560,歌舞伎町ホストクラブ,face
冬島水月,VALHALLA,https://www.host2.jp/shop/yggdrasill04/index.html,https://www.host2.jp/shop/yggdrasill04/mizuki/index.html,https://www.host2.jp/shop/yggdrasill04/mizuki/pr01-thum.jpg,2,2026-09-24,2,110,,,https://x.com/fuyushima0123,"Public Host2 monthly rank + public national popularity/TikTok exact-name matches; X link is recorded, not scored as follower popularity.",560,歌舞伎町ホストクラブ,face
橘 日向,CHRONO,https://www.host2.jp/shop/chrono_nagoya/index.html,https://www.host2.jp/shop/chrono_nagoya/hinata/index.html,https://www.host2.jp/shop/chrono_nagoya/hinata/pr01-thum.jpg,2,2026-09-24,2,89,,,https://x.com/chrono_hinata,"Public Host2 monthly rank + public national popularity/TikTok exact-name matches; X link is recorded, not scored as follower popularity.",560,愛知／名古屋ホストクラブ,unknown
朝陽,PARTY,https://www.host2.jp/shop/party/index.html,https://www.host2.jp/shop/party/asahi/index.html,https://www.host2.jp/shop/party/asahi/pr01-thum.jpg,1,2026-09-24,1,28,,,https://x.com/clubPARTY0401,"Public Host2 monthly rank + public national popularity/TikTok exact-name matches; X link is recorded, not scored as follower popularity.",556,北海道／ススキノホストクラブ,unknown
椿冬,Gift,https://www.host2.jp/shop/gift_sapporo/index.html,https://www.host2.jp/shop/gift_sapporo/chihuyu/index.html,https://www.host2.jp/shop/gift_sapporo/chihuyu/pr01-thum.jpg,1,2026-09-24,1,28,,,,"Public Host2 monthly rank + public national popularity/TikTok exact-name matches; X link is recorded, not scored as follower popularity.",556,北海道／ススキノホストクラブ,unknown
早乙女 なつ,ALICE,https://www.host2.jp/shop/alice_tokushima/index.html,https://www.host2.jp/shop/alice_tokushima/natsu/index.html,https://www.host2.jp/shop/alice_tokushima/natsu/pr01-thum.jpg,1,2026-09-24,1,27,,,,"Public Host2 monthly rank + public national popularity/TikTok exact-name matches; X link is recorded, not scored as follower popularity.",554,徳島／徳島ホストクラブ,unknown
東照宮晃西,alice,https://www.host2.jp/shop/alice02/index.html,https://www.host2.jp/shop/alice02/kosei/index.html,https://www.host2.jp/shop/alice02/kosei/pr01-thum.jpg,1,2026-09-24,1,27,,,,"Public Host2 monthly rank + public national popularity/TikTok exact-name matches; X link is recorded, not scored as follower popularity.",554,歌舞伎町ホストクラブ,unknown
楪羽 凛,AWARD,https://www.host2.jp/shop/award/index.html,https://www.host2.jp/shop/award/rin/index.html,https://www.host2.jp/shop/award/rin/pr01-thum.jpg,1,2026-09-24,1,27,,,https://x.com/Rin_rin_0709,"Public Host2 monthly rank + public national popularity/TikTok exact-name matches; X link is recorded, not scored as follower popularity.",554,大阪／ミナミホストクラブ,unknown
珀,SOLO,https://www.host2.jp/shop/solo/index.html,https://www.host2.jp/shop/solo/haku01/index.html,https://www.host2.jp/shop/solo/haku01/pr01-thum.jpg,1,2026-09-24,1,27,,,https://x.com/clubsolo0202,"Public Host2 monthly rank + public national popularity/TikTok exact-name matches; X link is recorded, not scored as follower popularity.",554,歌舞伎町ホストクラブ,unknown
結城奈津,REGOLITH -GOAT-,https://www.host2.jp/shop/regolithgoat/index.html,https://www.host2.jp/shop/regolithgoat/natsu/index.html,https://www.host2.jp/shop/regolithgoat/natsu/pr01-thum.jpg,1,2026-09-24,1,27,,,https://x.com/FOUND720812,"Public Host2 monthly rank + public national popularity/TikTok exact-name matches; X link is recorded, not scored as follower popularity.",554,大阪／ミナミホストクラブ,unknown
美凪京音,GENESIS,https://www.host2.jp/shop/genesis1/index.html,https://www.host2.jp/shop/genesis1/keito/index.html,https://www.host2.jp/shop/genesis1/keito/pr01-thum.jpg,1,2026-09-24,1,27,,,https://x.com/keito_ho,"Public Host2 monthly rank + public national popularity/TikTok exact-name matches; X link is recorded, not scored as follower popularity.",554,大阪／ミナミホストクラブ,unknown
莉紅,VAMPIRE,https://www.host2.jp/shop/vampire/index.html,https://www.host2.jp/shop/vampire/riku/index.html,https://www.host2.jp/shop/vampire/riku/pr01-thum.jpg,1,2026-09-24,1,27,,,,"Public Host2 monthly rank + public national popularity/TikTok exact-name matches; X link is recorded, not scored as follower popularity.",554,歌舞伎町ホストクラブ,unknown
葵,THRUSH,https://www.host2.jp/shop/thrush/index.html,https://www.host2.jp/shop/thrush/aoi0/index.html,https://www.host2.jp/shop/thrush/aoi0/pr01-thum.jpg,1,2026-09-24,1,27,,,,"Public Host2 monthly rank + public national popularity/TikTok exact-name matches; X link is recorded, not scored as follower popularity.",554,愛知／名古屋ホストクラブ,unknown
輝夜舞凰,Break SENDAI group dandy,https://www.host2.jp/shop/break/index.html,https://www.host2.jp/shop/break/mao/index.html,https://www.host2.jp/shop/break/mao/pr01-thum.jpg,1,2026-09-24,1,27,,,,"Public Host2 monthly rank + public national popularity/TikTok exact-name matches; X link is recorded, not scored as follower popularity.",554,宮城／仙台ホストクラブ,unknown
門 司,GALLERY -SAPPORO-,https://www.host2.jp/shop/gallerysapporo/index.html,https://www.host2.jp/shop/gallerysapporo/tsukasa/index.html,https://www.host2.jp/shop/gallerysapporo/tsukasa/pr01-thum.jpg,1,2026-09-24,1,27,,,https://x.com/monji_gallery,"Public Host2 monthly rank + public national popularity/TikTok exact-name matches; X link is recorded, not scored as follower popularity.",554,北海道／ススキノホストクラブ,unknown
黒向燈弥,AOI -TOKYO-,https://www.host2.jp/shop/aoi/index.html,https://www.host2.jp/shop/aoi/toya/index.html,https://www.host2.jp/shop/aoi/toya/pr01-thum.jpg,1,2026-09-24,1,27,,,https://x.com/AOI09432726,"Public Host2 monthly rank + public national popularity/TikTok exact-name matches; X link is recorded, not scored as follower popularity.",554,歌舞伎町ホストクラブ,unknown
もっさん/百瀬千秋,OCEAN,https://www.host2.jp/shop/ocean2/index.html,https://www.host2.jp/shop/ocean2/chaki/index.html,https://www.host2.jp/shop/ocean2/chaki/pr01-thum.jpg,1,2026-09-24,1,26,,,https://x.com/ocean_nagoya,"Public Host2 monthly rank + public national popularity/TikTok exact-name matches; X link is recorded, not scored as follower popularity.",552,愛知／名古屋ホストクラブ,face
九条星音,FUYUTSUKI -PARTY-,https://www.host2.jp/shop/fuyutsuki_2/index.html,https://www.host2.jp/shop/fuyutsuki_2/shion/index.html,https://www.host2.jp/shop/fuyutsuki_2/shion/pr01-thum.jpg,1,2026-09-24,1,26,,,https://x.com/kujoshion412,"Public Host2 monthly rank + public national popularity/TikTok exact-name matches; X link is recorded, not scored as follower popularity.",552,歌舞伎町ホストクラブ,face
TSUBASA,LE-CIEL,https://www.host2.jp/shop/leciel/index.html,https://www.host2.jp/shop/leciel/tsubasa/index.html,https://www.host2.jp/shop/leciel/tsubasa/pr01-thum.jpg,1,2026-09-24,1,25,,,https://x.com/Clubleciel2,"Public Host2 monthly rank + public national popularity/TikTok exact-name matches; X link is recorded, not scored as follower popularity.",550,宮崎／宮崎ホストクラブ,face
及川 晃,Premium BC,https://www.host2.jp/shop/premiumbc/index.html,https://www.host2.jp/shop/premiumbc/akira/index.html,https://www.host2.jp/shop/premiumbc/akira/pr01-thum.jpg,1,2026-09-24,1,25,,,,"Public Host2 monthly rank + public national popularity/TikTok exact-name matches; X link is recorded, not scored as follower popularity.",550,大阪／ミナミホストクラブ,face
叶 莉玖斗,Norn,https://www.host2.jp/shop/norn/index.html,https://www.host2.jp/shop/norn/rikuto/index.html,https://www.host2.jp/shop/norn/rikuto/pr01-thum.jpg,4,2026-09-24,4,,,,,Group Yggdrasill: public Host2 profile with detectable face.,0,歌舞伎町ホストクラブ,
はじめ,Norn,https://www.host2.jp/shop/norn/index.html,https://www.host2.jp/shop/norn/hajime/index.html,https://www.host2.jp/shop/norn/hajime/pr01-thum.jpg,10,2026-09-24,10,,,,,Group Yggdrasill: public Host2 profile with detectable face.,0,歌舞伎町ホストクラブ,
ひかる,Norn,https://www.host2.jp/shop/norn/index.html,https://www.host2.jp/shop/norn/hikaru00/index.html,https://www.host2.jp/shop/norn/hikaru00/pr01-thum.jpg,11,2026-09-24,11,,,,,Group Yggdrasill: public Host2 profile with detectable face.,0,歌舞伎町ホストクラブ,
マオ,Norn,https://www.host2.jp/shop/norn/index.html,https://www.host2.jp/shop/norn/mao/index.html,https://www.host2.jp/shop/norn/mao/pr01-thum.jpg,12,2026-09-24,12,,,,,Group Yggdrasill: public Host2 profile with detectable face.,0,歌舞伎町ホストクラブ,
健士,Norn,https://www.host2.jp/shop/norn/index.html,https://www.host2.jp/shop/norn/masato/index.html,https://www.host2.jp/shop/norn/masato/pr01-thum.jpg,13,2026-09-24,13,,,,,Group Yggdrasill: public Host2 profile with detectable face.,0,歌舞伎町ホストクラブ,
める,Norn,https://www.host2.jp/shop/norn/index.html,https://www.host2.jp/shop/norn/meru/index.html,https://www.host2.jp/shop/norn/meru/pr01-thum.jpg,,2026-09-24,,,,,,Group Yggdrasill: public Host2 profile with detectable face.,0,歌舞伎町ホストクラブ,
黒鳥虎白,VALHALLA,https://www.host2.jp/shop/yggdrasill04/index.html,https://www.host2.jp/shop/yggdrasill04/kohaku00/index.html,https://www.host2.jp/shop/yggdrasill04/kohaku00/pr01-thum.jpg,3,2026-09-24,3,,,,,Group Yggdrasill: public Host2 profile with detectable face.,0,歌舞伎町ホストクラブ,
右京遊戯,VALHALLA,https://www.host2.jp/shop/yggdrasill04/index.html,https://www.host2.jp/shop/yggdrasill04/ukyomaru/index.html,https://www.host2.jp/shop/yggdrasill04/ukyomaru/pr01-thum.jpg,4,2026-09-24,4,,,,,Group Yggdrasill: public Host2 profile with detectable face.,0,歌舞伎町ホストクラブ,
夏咲ユウ,VALHALLA,https://www.host2.jp/shop/valhalla10/index.html,https://www.host2.jp/shop/valhalla10/yu/index.html,https://www.host2.jp/shop/valhalla10/yu/pr01-thum.jpg,4,2026-09-24,4,,,,,Group Yggdrasill: public Host2 profile with detectable face.,0,歌舞伎町ホストクラブ,
場地圭介,VALHALLA,https://www.host2.jp/shop/yggdrasill04/index.html,https://www.host2.jp/shop/yggdrasill04/keisuke01/index.html,https://www.host2.jp/shop/yggdrasill04/keisuke01/pr01-thum.jpg,5,2026-09-24,5,,,,,Group Yggdrasill: public Host2 profile with detectable face.,0,歌舞伎町ホストクラブ,
月城ルル,VALHALLA,https://www.host2.jp/shop/valhalla10/index.html,https://www.host2.jp/shop/valhalla10/ruru/index.html,https://www.host2.jp/shop/valhalla10/ruru/pr01-thum.jpg,5,2026-09-24,5,,,,,Group Yggdrasill: public Host2 profile with detectable face.,0,歌舞伎町ホストクラブ,
きなり,VALHALLA,https://www.host2.jp/shop/yggdrasill04/index.html,https://www.host2.jp/shop/yggdrasill04/kinari/index.html,https://www.host2.jp/shop/yggdrasill04/kinari/pr01-thum.jpg,8,2026-09-24,8,,,,,Group Yggdrasill: public Host2 profile with detectable face.,0,歌舞伎町ホストクラブ,
朝日奈 優,VALHALLA,https://www.host2.jp/shop/yggdrasill04/index.html,https://www.host2.jp/shop/yggdrasill04/yu01/index.html,https://www.host2.jp/shop/yggdrasill04/yu01/pr01-thum.jpg,9,2026-09-24,9,,,,,Group Yggdrasill: public Host2 profile with detectable face.,0,歌舞伎町ホストクラブ,
白夜澪音,VALHALLA,https://www.host2.jp/shop/yggdrasill04/index.html,https://www.host2.jp/shop/yggdrasill04/rene/index.html,https://www.host2.jp/shop/yggdrasill04/rene/pr01-thum.jpg,12,2026-09-24,12,,,,,Group Yggdrasill: public Host2 profile with detectable face.,0,歌舞伎町ホストクラブ,
ヨエル,VALHALLA,https://www.host2.jp/shop/yggdrasill04/index.html,https://www.host2.jp/shop/yggdrasill04/yoeru/index.html,https://www.host2.jp/shop/yggdrasill04/yoeru/pr01-thum.jpg,13,2026-09-24,13,,,,,Group Yggdrasill: public Host2 profile with detectable face.,0,歌舞伎町ホストクラブ,
HAON,VALHALLA,https://www.host2.jp/shop/yggdrasill04/index.html,https://www.host2.jp/shop/yggdrasill04/haon/index.html,https://www.host2.jp/shop/yggdrasill04/haon/pr01-thum.jpg,14,2026-09-24,14,,,,,Group Yggdrasill: public Host2 profile with detectable face.,0,歌舞伎町ホストクラブ,
日向雅輝,VALHALLA,https://www.host2.jp/shop/yggdrasill04/index.html,https://www.host2.jp/shop/yggdrasill04/masaki/index.html,https://www.host2.jp/shop/yggdrasill04/masaki/pr01-thum.jpg,17,2026-09-24,17,,,,,Group Yggdrasill: public Host2 profile with detectable face.,0,歌舞伎町ホストクラブ,
月神ルイ,VALHALLA,https://www.host2.jp/shop/yggdrasill04/index.html,https://www.host2.jp/shop/yggdrasill04/rui01/index.html,https://www.host2.jp/shop/yggdrasill04/rui01/pr01-thum.jpg,20,2026-09-24,20,,,,,Group Yggdrasill: public Host2 profile with detectable face.,0,歌舞伎町ホストクラブ,
永久恋愛,VALHALLA,https://www.host2.jp/shop/yggdrasill04/index.html,https://www.host2.jp/shop/yggdrasill04/rea01/index.html,https://www.host2.jp/shop/yggdrasill04/rea01/pr01-thum.jpg,22,2026-09-24,22,,,,,Group Yggdrasill: public Host2 profile with detectable face.,0,歌舞伎町ホストクラブ,
東乃かおる,VALHALLA,https://www.host2.jp/shop/yggdrasill04/index.html,https://www.host2.jp/shop/yggdrasill04/kaoru03/index.html,https://www.host2.jp/shop/yggdrasill04/kaoru03/pr01-thum.jpg,25,2026-09-24,25,,,,,Group Yggdrasill: public Host2 profile with detectable face.,0,歌舞伎町ホストクラブ,
如月 凪,VALHALLA,https://www.host2.jp/shop/yggdrasill04/index.html,https://www.host2.jp/shop/yggdrasill04/nagi/index.html,https://www.host2.jp/shop/yggdrasill04/nagi/pr01-thum.jpg,27,2026-09-24,27,,,,,Group Yggdrasill: public Host2 profile with detectable face.,0,歌舞伎町ホストクラブ,
安蘭戯ねるる,VALHALLA,https://www.host2.jp/shop/yggdrasill04/index.html,https://www.host2.jp/shop/yggdrasill04/neruru/index.html,https://www.host2.jp/shop/yggdrasill04/neruru/pr01-thum.jpg,29,2026-09-24,29,,,,,Group Yggdrasill: public Host2 profile with detectable face.,0,歌舞伎町ホストクラブ,
玄野紫苑,VALHALLA,https://www.host2.jp/shop/yggdrasill04/index.html,https://www.host2.jp/shop/yggdrasill04/shien/index.html,https://www.host2.jp/shop/yggdrasill04/shien/pr01-thum.jpg,30,2026-09-24,30,,,,,Group Yggdrasill: public Host2 profile with detectable face.,0,歌舞伎町ホストクラブ,
ノア,VALHALLA,https://www.host2.jp/shop/valhalla10/index.html,https://www.host2.jp/shop/valhalla10/noa01/index.html,https://www.host2.jp/shop/valhalla10/noa01/pr01-thum.jpg,,2026-09-24,,,,,,Group Yggdrasill: public Host2 profile with detectable face.,0,歌舞伎町ホストクラブ,
ヒョンジン,VALHALLA,https://www.host2.jp/shop/yggdrasill04/index.html,https://www.host2.jp/shop/yggdrasill04/hyonjin/index.html,https://www.host2.jp/shop/yggdrasill04/hyonjin/pr01-thum.jpg,,2026-09-24,,,,,,Group Yggdrasill: public Host2 profile with detectable face.,0,歌舞伎町ホストクラブ,
一ドラゴン,VALHALLA,https://www.host2.jp/shop/yggdrasill04/index.html,https://www.host2.jp/shop/yggdrasill04/doragon/index.html,https://www.host2.jp/shop/yggdrasill04/doragon/pr01-thum.jpg,,2026-09-24,,,,,,Group Yggdrasill: public Host2 profile with detectable face.,0,歌舞伎町ホストクラブ,
一ノ瀬零,VALHALLA,https://www.host2.jp/shop/valhalla10/index.html,https://www.host2.jp/shop/valhalla10/rei/index.html,https://www.host2.jp/shop/valhalla10/rei/pr01-thum.jpg,,2026-09-24,,,,,,Group Yggdrasill: public Host2 profile with detectable face.,0,歌舞伎町ホストクラブ,
一夜,VALHALLA,https://www.host2.jp/shop/yggdrasill04/index.html,https://www.host2.jp/shop/yggdrasill04/ichiya/index.html,https://www.host2.jp/shop/yggdrasill04/ichiya/pr01-thum.jpg,,2026-09-24,,,,,,Group Yggdrasill: public Host2 profile with detectable face.,0,歌舞伎町ホストクラブ,
一色 緑,VALHALLA,https://www.host2.jp/shop/yggdrasill04/index.html,https://www.host2.jp/shop/yggdrasill04/ryu00/index.html,https://www.host2.jp/shop/yggdrasill04/ryu00/pr01-thum.jpg,,2026-09-24,,,,,,Group Yggdrasill: public Host2 profile with detectable face.,0,歌舞伎町ホストクラブ,
七瀬 唯,VALHALLA,https://www.host2.jp/shop/yggdrasill04/index.html,https://www.host2.jp/shop/yggdrasill04/yui/index.html,https://www.host2.jp/shop/yggdrasill04/yui/pr01-thum.jpg,,2026-09-24,,,,,,Group Yggdrasill: public Host2 profile with detectable face.,0,歌舞伎町ホストクラブ,
喜澄,VALHALLA,https://www.host2.jp/shop/yggdrasill04/index.html,https://www.host2.jp/shop/yggdrasill04/kisumi/index.html,https://www.host2.jp/shop/yggdrasill04/kisumi/pr01-thum.jpg,,2026-09-24,,,,,,Group Yggdrasill: public Host2 profile with detectable face.,0,歌舞伎町ホストクラブ,
天魔来愛,VALHALLA,https://www.host2.jp/shop/valhalla10/index.html,https://www.host2.jp/shop/valhalla10/raia/index.html,https://www.host2.jp/shop/valhalla10/raia/pr01-thum.jpg,,2026-09-24,,,,,,Group Yggdrasill: public Host2 profile with detectable face.,0,歌舞伎町ホストクラブ,
彩波レイ,VALHALLA,https://www.host2.jp/shop/yggdrasill04/index.html,https://www.host2.jp/shop/yggdrasill04/rei04/index.html,https://www.host2.jp/shop/yggdrasill04/rei04/pr01-thum.jpg,,2026-09-24,,,,,,Group Yggdrasill: public Host2 profile with detectable face.,0,歌舞伎町ホストクラブ,
御伽逢夢,VALHALLA,https://www.host2.jp/shop/yggdrasill04/index.html,https://www.host2.jp/shop/yggdrasill04/amu/index.html,https://www.host2.jp/shop/yggdrasill04/amu/pr01-thum.jpg,,2026-09-24,,,,,,Group Yggdrasill: public Host2 profile with detectable face.,0,歌舞伎町ホストクラブ,
時愛,VALHALLA,https://www.host2.jp/shop/yggdrasill04/index.html,https://www.host2.jp/shop/yggdrasill04/tokia/index.html,https://www.host2.jp/shop/yggdrasill04/tokia/pr01-thum.jpg,,2026-09-24,,,,,,Group Yggdrasill: public Host2 profile with detectable face.,0,歌舞伎町ホストクラブ,
月街優愛,VALHALLA,https://www.host2.jp/shop/yggdrasill04/index.html,https://www.host2.jp/shop/yggdrasill04/yua/index.html,https://www.host2.jp/shop/yggdrasill04/yua/pr01-thum.jpg,,2026-09-24,,,,,,Group Yggdrasill: public Host2 profile with detectable face.,0,歌舞伎町ホストクラブ,
芥川 龍之介,VALHALLA,https://www.host2.jp/shop/yggdrasill04/index.html,https://www.host2.jp/shop/yggdrasill04/ryunosuke/index.html,https://www.host2.jp/shop/yggdrasill04/ryunosuke/pr01-thum.jpg,,2026-09-24,,,,,,Group Yggdrasill: public Host2 profile with detectable face.,0,歌舞伎町ホストクラブ,
蒼峰遼也,VALHALLA,https://www.host2.jp/shop/yggdrasill04/index.html,https://www.host2.jp/shop/yggdrasill04/ryoya/index.html,https://www.host2.jp/shop/yggdrasill04/ryoya/pr01-thum.jpg,,2026-09-24,,,,,,Group Yggdrasill: public Host2 profile with detectable face.,0,歌舞伎町ホストクラブ,
蒼紫,VALHALLA,https://www.host2.jp/shop/yggdrasill04/index.html,https://www.host2.jp/shop/yggdrasill04/soshi/index.html,https://www.host2.jp/shop/yggdrasill04/soshi/pr01-thum.jpg,,2026-09-24,,,,,,Group Yggdrasill: public Host2 profile with detectable face.,0,歌舞伎町ホストクラブ,
藤咲 陽,VALHALLA,https://www.host2.jp/shop/yggdrasill04/index.html,https://www.host2.jp/shop/yggdrasill04/haru02/index.html,https://www.host2.jp/shop/yggdrasill04/haru02/pr01-thum.jpg,,2026-09-24,,,,,,Group Yggdrasill: public Host2 profile with detectable face.,0,歌舞伎町ホストクラブ,
酔花,VALHALLA,https://www.host2.jp/shop/yggdrasill04/index.html,https://www.host2.jp/shop/yggdrasill04/suika/index.html,https://www.host2.jp/shop/yggdrasill04/suika/pr01-thum.jpg,,2026-09-24,,,,,,Group Yggdrasill: public Host2 profile with detectable face.,0,歌舞伎町ホストクラブ,
鈴 凛,VALHALLA,https://www.host2.jp/shop/yggdrasill04/index.html,https://www.host2.jp/shop/yggdrasill04/rin00/index.html,https://www.host2.jp/shop/yggdrasill04/rin00/pr01-thum.jpg,,2026-09-24,,,,,,Group Yggdrasill: public Host2 profile with detectable face.,0,歌舞伎町ホストクラブ,
雫,VALHALLA,https://www.host2.jp/shop/yggdrasill04/index.html,https://www.host2.jp/shop/yggdrasill04/shizuku00/index.html,https://www.host2.jp/shop/yggdrasill04/shizuku00/pr01-thum.jpg,,2026-09-24,,,,,,Group Yggdrasill: public Host2 profile with detectable face.,0,歌舞伎町ホストクラブ,
鳴瀬隼人,VALHALLA,https://www.host2.jp/shop/yggdrasill04/index.html,https://www.host2.jp/shop/yggdrasill04/rion/index.html,https://www.host2.jp/shop/yggdrasill04/rion/pr01-thum.jpg,,2026-09-24,,,,,,Group Yggdrasill: public Host2 profile with detectable face.,0,歌舞伎町ホストクラブ,
黒瀬 愛依瑠,VALHALLA,https://www.host2.jp/shop/yggdrasill04/index.html,https://www.host2.jp/shop/yggdrasill04/airu/index.html,https://www.host2.jp/shop/yggdrasill04/airu/pr01-thum.jpg,,2026-09-24,,,,,,Group Yggdrasill: public Host2 profile with detectable face.,0,歌舞伎町ホストクラブ,
天音真樹,VALHALLA -OSAKA- by Yggdrasill-,https://www.host2.jp/shop/yggdrasillvalhallaosaka/index.html,https://www.host2.jp/shop/yggdrasillvalhallaosaka/maki/index.html,https://www.host2.jp/shop/yggdrasillvalhallaosaka/maki/pr01-thum.jpg,,2026-09-24,,,,,,Group Yggdrasill: public Host2 profile with detectable face.,0,大阪／ミナミホストクラブ,
動城ハウル,YGGDRASILL,https://www.host2.jp/shop/yggdrasill01/index.html,https://www.host2.jp/shop/yggdrasill01/hauru02/index.html,https://www.host2.jp/shop/yggdrasill01/hauru02/pr01-thum.jpg,3,2026-09-24,3,,,,,Group Yggdrasill: public Host2 profile with detectable face.,0,歌舞伎町ホストクラブ,
九条音弥,YGGDRASILL,https://www.host2.jp/shop/yggdrasill01/index.html,https://www.host2.jp/shop/yggdrasill01/kujyo/index.html,https://www.host2.jp/shop/yggdrasill01/kujyo/pr01-thum.jpg,5,2026-09-24,5,,,,,Group Yggdrasill: public Host2 profile with detectable face.,0,歌舞伎町ホストクラブ,
真髄狐白,YGGDRASILL,https://www.host2.jp/shop/yggdrasill01/index.html,https://www.host2.jp/shop/yggdrasill01/kohaku/index.html,https://www.host2.jp/shop/yggdrasill01/kohaku/pr01-thum.jpg,6,2026-09-24,6,,,,,Group Yggdrasill: public Host2 profile with detectable face.,0,歌舞伎町ホストクラブ,
神代葉王,YGGDRASILL,https://www.host2.jp/shop/yggdrasill01/index.html,https://www.host2.jp/shop/yggdrasill01/hao/index.html,https://www.host2.jp/shop/yggdrasill01/hao/pr01-thum.jpg,7,2026-09-24,7,,,,,Group Yggdrasill: public Host2 profile with detectable face.,0,歌舞伎町ホストクラブ,
セナ,YGGDRASILL,https://www.host2.jp/shop/yggdrasill01/index.html,https://www.host2.jp/shop/yggdrasill01/sena02/index.html,https://www.host2.jp/shop/yggdrasill01/sena02/pr01-thum.jpg,8,2026-09-24,8,,,,,Group Yggdrasill: public Host2 profile with detectable face.,0,歌舞伎町ホストクラブ,
桜咲愛蘭,YGGDRASILL,https://www.host2.jp/shop/yggdrasill01/index.html,https://www.host2.jp/shop/yggdrasill01/aran/index.html,https://www.host2.jp/shop/yggdrasill01/aran/pr01-thum.jpg,10,2026-09-24,10,,,,,Group Yggdrasill: public Host2 profile with detectable face.,0,歌舞伎町ホストクラブ,
星宮琉月,YGGDRASILL,https://www.host2.jp/shop/yggdrasill01/index.html,https://www.host2.jp/shop/yggdrasill01/runa03/index.html,https://www.host2.jp/shop/yggdrasill01/runa03/pr01-thum.jpg,16,2026-09-24,16,,,,,Group Yggdrasill: public Host2 profile with detectable face.,0,歌舞伎町ホストクラブ,
天月優里,YGGDRASILL,https://www.host2.jp/shop/yggdrasill01/index.html,https://www.host2.jp/shop/yggdrasill01/yuri/index.html,https://www.host2.jp/shop/yggdrasill01/yuri/pr01-thum.jpg,17,2026-09-24,17,,,,,Group Yggdrasill: public Host2 profile with detectable face.,0,歌舞伎町ホストクラブ,
麗 雫,YGGDRASILL,https://www.host2.jp/shop/yggdrasill01/index.html,https://www.host2.jp/shop/yggdrasill01/shizuku/index.html,https://www.host2.jp/shop/yggdrasill01/shizuku/pr01-thum.jpg,21,2026-09-24,21,,,,,Group Yggdrasill: public Host2 profile with detectable face.,0,歌舞伎町ホストクラブ,
天城ラン,YGGDRASILL,https://www.host2.jp/shop/yggdrasill01/index.html,https://www.host2.jp/shop/yggdrasill01/sho01/index.html,https://www.host2.jp/shop/yggdrasill01/sho01/pr01-thum.jpg,22,2026-09-24,22,,,,,Group Yggdrasill: public Host2 profile with detectable face.,0,歌舞伎町ホストクラブ,
夜咫 烏,YGGDRASILL,https://www.host2.jp/shop/yggdrasill01/index.html,https://www.host2.jp/shop/yggdrasill01/karasu/index.html,https://www.host2.jp/shop/yggdrasill01/karasu/pr01-thum.jpg,23,2026-09-24,23,,,,,Group Yggdrasill: public Host2 profile with detectable face.,0,歌舞伎町ホストクラブ,
玲央,YGGDRASILL,https://www.host2.jp/shop/yggdrasill01/index.html,https://www.host2.jp/shop/yggdrasill01/reo/index.html,https://www.host2.jp/shop/yggdrasill01/reo/pr01-thum.jpg,26,2026-09-24,26,,,,,Group Yggdrasill: public Host2 profile with detectable face.,0,歌舞伎町ホストクラブ,
りお,YGGDRASILL,https://www.host2.jp/shop/yggdrasill01/index.html,https://www.host2.jp/shop/yggdrasill01/rio/index.html,https://www.host2.jp/shop/yggdrasill01/rio/pr01-thum.jpg,28,2026-09-24,28,,,,,Group Yggdrasill: public Host2 profile with detectable face.,0,歌舞伎町ホストクラブ,
INZM 白亜,YGGDRASILL,https://www.host2.jp/shop/yggdrasill01/index.html,https://www.host2.jp/shop/yggdrasill01/hakua/index.html,https://www.host2.jp/shop/yggdrasill01/hakua/pr01-thum.jpg,29,2026-09-24,29,,,,,Group Yggdrasill: public Host2 profile with detectable face.,0,歌舞伎町ホストクラブ,
冬條カヲル,YGGDRASILL,https://www.host2.jp/shop/yggdrasill01/index.html,https://www.host2.jp/shop/yggdrasill01/kaoru01/index.html,https://www.host2.jp/shop/yggdrasill01/kaoru01/pr01-thum.jpg,30,2026-09-24,30,,,,,Group Yggdrasill: public Host2 profile with detectable face.,0,歌舞伎町ホストクラブ,
大煌,YGGDRASILL,https://www.host2.jp/shop/yggdrasill01/index.html,https://www.host2.jp/shop/yggdrasill01/daiki01/index.html,https://www.host2.jp/shop/yggdrasill01/daiki01/pr01-thum.jpg,32,2026-09-24,32,,,,,Group Yggdrasill: public Host2 profile with detectable face.,0,歌舞伎町ホストクラブ,
霜樂シロ,YGGDRASILL,https://www.host2.jp/shop/yggdrasill01/index.html,https://www.host2.jp/shop/yggdrasill01/shiro01/index.html,https://www.host2.jp/shop/yggdrasill01/shiro01/pr01-thum.jpg,33,2026-09-24,33,,,,,Group Yggdrasill: public Host2 profile with detectable face.,0,歌舞伎町ホストクラブ,
翔覇 紬,YGGDRASILL,https://www.host2.jp/shop/yggdrasill01/index.html,https://www.host2.jp/shop/yggdrasill01/tsumugi01/index.html,https://www.host2.jp/shop/yggdrasill01/tsumugi01/pr01-thum.jpg,35,2026-09-24,35,,,,,Group Yggdrasill: public Host2 profile with detectable face.,0,歌舞伎町ホストクラブ,
刹叉拓磨,YGGDRASILL,https://www.host2.jp/shop/yggdrasill01/index.html,https://www.host2.jp/shop/yggdrasill01/sessa/index.html,https://www.host2.jp/shop/yggdrasill01/sessa/pr01-thum.jpg,36,2026-09-24,36,,,,,Group Yggdrasill: public Host2 profile with detectable face.,0,歌舞伎町ホストクラブ,
taka,YGGDRASILL,https://www.host2.jp/shop/yggdrasill01/index.html,https://www.host2.jp/shop/yggdrasill01/aruto/index.html,https://www.host2.jp/shop/yggdrasill01/aruto/pr01-thum.jpg,37,2026-09-24,37,,,,,Group Yggdrasill: public Host2 profile with detectable face.,0,歌舞伎町ホストクラブ,
伊澄,YGGDRASILL,https://www.host2.jp/shop/yggdrasill01/index.html,https://www.host2.jp/shop/yggdrasill01/izumi/index.html,https://www.host2.jp/shop/yggdrasill01/izumi/pr01-thum.jpg,41,2026-09-24,41,,,,,Group Yggdrasill: public Host2 profile with detectable face.,0,歌舞伎町ホストクラブ,
瓦城千咒,YGGDRASILL,https://www.host2.jp/shop/yggdrasill01/index.html,https://www.host2.jp/shop/yggdrasill01/senjyu/index.html,https://www.host2.jp/shop/yggdrasill01/senjyu/pr01-thum.jpg,42,2026-09-24,42,,,,,Group Yggdrasill: public Host2 profile with detectable face.,0,歌舞伎町ホストクラブ,
珀,YGGDRASILL,https://www.host2.jp/shop/yggdrasill01/index.html,https://www.host2.jp/shop/yggdrasill01/haku/index.html,https://www.host2.jp/shop/yggdrasill01/haku/pr01-thum.jpg,47,2026-09-24,47,,,,,Group Yggdrasill: public Host2 profile with detectable face.,0,歌舞伎町ホストクラブ,
皇 ジュエル,YGGDRASILL,https://www.host2.jp/shop/yggdrasill01/index.html,https://www.host2.jp/shop/yggdrasill01/jueru/index.html,https://www.host2.jp/shop/yggdrasill01/jueru/pr01-thum.jpg,49,2026-09-24,49,,,,,Group Yggdrasill: public Host2 profile with detectable face.,0,歌舞伎町ホストクラブ,
百,YGGDRASILL,https://www.host2.jp/shop/yggdrasill01/index.html,https://www.host2.jp/shop/yggdrasill01/momo/index.html,https://www.host2.jp/shop/yggdrasill01/momo/pr01-thum.jpg,50,2026-09-24,50,,,,,Group Yggdrasill: public Host2 profile with detectable face.,0,歌舞伎町ホストクラブ,
RIRA,YGGDRASILL,https://www.host2.jp/shop/yggdrasill01/index.html,https://www.host2.jp/shop/yggdrasill01/rira/index.html,https://www.host2.jp/shop/yggdrasill01/rira/pr01-thum.jpg,,2026-09-24,,,,,,Group Yggdrasill: public Host2 profile with detectable face.,0,歌舞伎町ホストクラブ,
あまつか 雅,YGGDRASILL,https://www.host2.jp/shop/yggdrasill01/index.html,https://www.host2.jp/shop/yggdrasill01/miyabi1/index.html,https://www.host2.jp/shop/yggdrasill01/miyabi1/pr01-thum.jpg,,2026-09-24,,,,,,Group Yggdrasill: public Host2 profile with detectable face.,0,歌舞伎町ホストクラブ,
ケン,YGGDRASILL,https://www.host2.jp/shop/yggdrasill01/index.html,https://www.host2.jp/shop/yggdrasill01/ken014/index.html,https://www.host2.jp/shop/yggdrasill01/ken014/pr01-thum.jpg,,2026-09-24,,,,,,Group Yggdrasill: public Host2 profile with detectable face.,0,歌舞伎町ホストクラブ,
セキト,YGGDRASILL,https://www.host2.jp/shop/yggdrasill01/index.html,https://www.host2.jp/shop/yggdrasill01/sekito/index.html,https://www.host2.jp/shop/yggdrasill01/sekito/pr01-thum.jpg,,2026-09-24,,,,,,Group Yggdrasill: public Host2 profile with detectable face.,0,歌舞伎町ホストクラブ,
八宮稀蕾,YGGDRASILL,https://www.host2.jp/shop/yggdrasill01/index.html,https://www.host2.jp/shop/yggdrasill01/kira01/index.html,https://www.host2.jp/shop/yggdrasill01/kira01/pr01-thum.jpg,,2026-09-24,,,,,,Group Yggdrasill: public Host2 profile with detectable face.,0,歌舞伎町ホストクラブ,
天夜一星,YGGDRASILL,https://www.host2.jp/shop/yggdrasill01/index.html,https://www.host2.jp/shop/yggdrasill01/issei/index.html,https://www.host2.jp/shop/yggdrasill01/issei/pr01-thum.jpg,,2026-09-24,,,,,,Group Yggdrasill: public Host2 profile with detectable face.,0,歌舞伎町ホストクラブ,
富井ラル,YGGDRASILL,https://www.host2.jp/shop/yggdrasill01/index.html,https://www.host2.jp/shop/yggdrasill01/raru/index.html,https://www.host2.jp/shop/yggdrasill01/raru/pr01-thum.jpg,,2026-09-24,,,,,,Group Yggdrasill: public Host2 profile with detectable face.,0,歌舞伎町ホストクラブ,
怜雅,YGGDRASILL,https://www.host2.jp/shop/yggdrasill01/index.html,https://www.host2.jp/shop/yggdrasill01/ryoga01/index.html,https://www.host2.jp/shop/yggdrasill01/ryoga01/pr01-thum.jpg,,2026-09-24,,,,,,Group Yggdrasill: public Host2 profile with detectable face.,0,歌舞伎町ホストクラブ,
愛奏,YGGDRASILL,https://www.host2.jp/shop/yggdrasill01/index.html,https://www.host2.jp/shop/yggdrasill01/akane01/index.html,https://www.host2.jp/shop/yggdrasill01/akane01/pr01-thum.jpg,,2026-09-24,,,,,,Group Yggdrasill: public Host2 profile with detectable face.,0,歌舞伎町ホストクラブ,
恵,YGGDRASILL -OSAKA-,https://www.host2.jp/shop/yggdrasillosaka/index.html,https://www.host2.jp/shop/yggdrasillosaka/megumi/index.html,https://www.host2.jp/shop/yggdrasillosaka/megumi/pr01-thum.jpg,2,2026-09-24,2,,,,,Group Yggdrasill: public Host2 profile with detectable face.,0,大阪／ミナミホストクラブ,
あさと,YGGDRASILL -OSAKA-,https://www.host2.jp/shop/yggdrasillosaka/index.html,https://www.host2.jp/shop/yggdrasillosaka/asato/index.html,https://www.host2.jp/shop/yggdrasillosaka/asato/pr01-thum.jpg,3,2026-09-24,3,,,,,Group Yggdrasill: public Host2 profile with detectable face.,0,大阪／ミナミホストクラブ,
しょうき,YGGDRASILL -OSAKA-,https://www.host2.jp/shop/yggdrasillosaka/index.html,https://www.host2.jp/shop/yggdrasillosaka/shoki/index.html,https://www.host2.jp/shop/yggdrasillosaka/shoki/pr01-thum.jpg,4,2026-09-24,4,,,,,Group Yggdrasill: public Host2 profile with detectable face.,0,大阪／ミナミホストクラブ,
如月サク,YGGDRASILL -OSAKA-,https://www.host2.jp/shop/yggdrasillosaka/index.html,https://www.host2.jp/shop/yggdrasillosaka/saku/index.html,https://www.host2.jp/shop/yggdrasillosaka/saku/pr01-thum.jpg,6,2026-09-24,6,,,,,Group Yggdrasill: public Host2 profile with detectable face.,0,大阪／ミナミホストクラブ,
空条レイ,YGGDRASILL -OSAKA-,https://www.host2.jp/shop/yggdrasillosaka/index.html,https://www.host2.jp/shop/yggdrasillosaka/rei/index.html,https://www.host2.jp/shop/yggdrasillosaka/rei/pr01-thum.jpg,13,2026-09-24,13,,,,,Group Yggdrasill: public Host2 profile with detectable face.,0,大阪／ミナミホストクラブ,
御伽,YGGDRASILL -OSAKA-,https://www.host2.jp/shop/yggdrasillosaka/index.html,https://www.host2.jp/shop/yggdrasillosaka/otogi/index.html,https://www.host2.jp/shop/yggdrasillosaka/otogi/pr01-thum.jpg,14,2026-09-24,14,,,,,Group Yggdrasill: public Host2 profile with detectable face.,0,大阪／ミナミホストクラブ,
オト,YGGDRASILL -OSAKA-,https://www.host2.jp/shop/yggdrasillosaka/index.html,https://www.host2.jp/shop/yggdrasillosaka/oto/index.html,https://www.host2.jp/shop/yggdrasillosaka/oto/pr01-thum.jpg,16,2026-09-24,16,,,,,Group Yggdrasill: public Host2 profile with detectable face.,0,大阪／ミナミホストクラブ,
椿 ジコ,YGGDRASILL -OSAKA-,https://www.host2.jp/shop/yggdrasillosaka/index.html,https://www.host2.jp/shop/yggdrasillosaka/jiko/index.html,https://www.host2.jp/shop/yggdrasillosaka/jiko/pr01-thum.jpg,18,2026-09-24,18,,,,,Group Yggdrasill: public Host2 profile with detectable face.,0,大阪／ミナミホストクラブ,
一色 玲,YGGDRASILL -OSAKA-,https://www.host2.jp/shop/yggdrasillosaka/index.html,https://www.host2.jp/shop/yggdrasillosaka/rei1/index.html,https://www.host2.jp/shop/yggdrasillosaka/rei1/pr01-thum.jpg,19,2026-09-24,19,,,,,Group Yggdrasill: public Host2 profile with detectable face.,0,大阪／ミナミホストクラブ,
リト,YGGDRASILL -OSAKA-,https://www.host2.jp/shop/yggdrasillosaka/index.html,https://www.host2.jp/shop/yggdrasillosaka/rito/index.html,https://www.host2.jp/shop/yggdrasillosaka/rito/pr01-thum.jpg,20,2026-09-24,20,,,,,Group Yggdrasill: public Host2 profile with detectable face.,0,大阪／ミナミホストクラブ,
花より颯汰,YGGDRASILL -OSAKA-,https://www.host2.jp/shop/yggdrasillosaka/index.html,https://www.host2.jp/shop/yggdrasillosaka/sota/index.html,https://www.host2.jp/shop/yggdrasillosaka/sota/pr01-thum.jpg,21,2026-09-24,21,,,,,Group Yggdrasill: public Host2 profile with detectable face.,0,大阪／ミナミホストクラブ,
YOU,YGGDRASILL -OSAKA-,https://www.host2.jp/shop/yggdrasillosaka/index.html,https://www.host2.jp/shop/yggdrasillosaka/you/index.html,https://www.host2.jp/shop/yggdrasillosaka/you/pr01-thum.jpg,24,2026-09-24,24,,,,,Group Yggdrasill: public Host2 profile with detectable face.,0,大阪／ミナミホストクラブ,
東雲 銀,YGGDRASILL -OSAKA-,https://www.host2.jp/shop/yggdrasillosaka/index.html,https://www.host2.jp/shop/yggdrasillosaka/gin/index.html,https://www.host2.jp/shop/yggdrasillosaka/gin/pr01-thum.jpg,25,2026-09-24,25,,,,,Group Yggdrasill: public Host2 profile with detectable face.,0,大阪／ミナミホストクラブ,
鳳条 湊,YGGDRASILL -OSAKA-,https://www.host2.jp/shop/yggdrasillosaka/index.html,https://www.host2.jp/shop/yggdrasillosaka/minato/index.html,https://www.host2.jp/shop/yggdrasillosaka/minato/pr01-thum.jpg,29,2026-09-24,29,,,,,Group Yggdrasill: public Host2 profile with detectable face.,0,大阪／ミナミホストクラブ,
はると,YGGDRASILL -OSAKA-,https://www.host2.jp/shop/yggdrasillosaka/index.html,https://www.host2.jp/shop/yggdrasillosaka/haruto/index.html,https://www.host2.jp/shop/yggdrasillosaka/haruto/pr01-thum.jpg,30,2026-09-24,30,,,,,Group Yggdrasill: public Host2 profile with detectable face.,0,大阪／ミナミホストクラブ,
美咲 翔,YGGDRASILL -SAPPORO-,https://www.host2.jp/shop/ygd_sapporo/index.html,https://www.host2.jp/shop/ygd_sapporo/sho/index.html,https://www.host2.jp/shop/ygd_sapporo/sho/pr01-thum.jpg,4,2026-09-24,4,,,,,Group Yggdrasill: public Host2 profile with detectable face.,0,北海道／ススキノホストクラブ,
苺 叶夜,YGGDRASILL -SAPPORO-,https://www.host2.jp/shop/ygd_sapporo/index.html,https://www.host2.jp/shop/ygd_sapporo/kyoya/index.html,https://www.host2.jp/shop/ygd_sapporo/kyoya/pr01-thum.jpg,7,2026-09-24,7,,,,,Group Yggdrasill: public Host2 profile with detectable face.,0,北海道／ススキノホストクラブ,
白柳アキ,YGGDRASILL -SAPPORO-,https://www.host2.jp/shop/ygd_sapporo/index.html,https://www.host2.jp/shop/ygd_sapporo/akiww/index.html,https://www.host2.jp/shop/ygd_sapporo/akiww/pr01-thum.jpg,10,2026-09-24,10,,,,,Group Yggdrasill: public Host2 profile with detectable face.,0,北海道／ススキノホストクラブ,
本城 海,YGGDRASILL -SAPPORO-,https://www.host2.jp/shop/ygd_sapporo/index.html,https://www.host2.jp/shop/ygd_sapporo/kai/index.html,https://www.host2.jp/shop/ygd_sapporo/kai/pr01-thum.jpg,16,2026-09-24,16,,,,,Group Yggdrasill: public Host2 profile with detectable face.,0,北海道／ススキノホストクラブ,
水白 空,YGGDRASILL -SAPPORO-,https://www.host2.jp/shop/ygd_sapporo/index.html,https://www.host2.jp/shop/ygd_sapporo/ku/index.html,https://www.host2.jp/shop/ygd_sapporo/ku/pr01-thum.jpg,17,2026-09-24,17,,,,,Group Yggdrasill: public Host2 profile with detectable face.,0,北海道／ススキノホストクラブ,
えれん,YGGDRASILL -SAPPORO-,https://www.host2.jp/shop/ygd_sapporo/index.html,https://www.host2.jp/shop/ygd_sapporo/eren/index.html,https://www.host2.jp/shop/ygd_sapporo/eren/pr01-thum.jpg,18,2026-09-24,18,,,,,Group Yggdrasill: public Host2 profile with detectable face.,0,北海道／ススキノホストクラブ,
Ran,YGGDRASILL -SAPPORO-,https://www.host2.jp/shop/ygd_sapporo/index.html,https://www.host2.jp/shop/ygd_sapporo/ran01/index.html,https://www.host2.jp/shop/ygd_sapporo/ran01/pr01-thum.jpg,22,2026-09-24,22,,,,,Group Yggdrasill: public Host2 profile with detectable face.,0,北海道／ススキノホストクラブ,
轟 遙馬,YGGDRASILL -SAPPORO-,https://www.host2.jp/shop/ygd_sapporo/index.html,https://www.host2.jp/shop/ygd_sapporo/haruma/index.html,https://www.host2.jp/shop/ygd_sapporo/haruma/pr01-thum.jpg,27,2026-09-24,27,,,,,Group Yggdrasill: public Host2 profile with detectable face.,0,北海道／ススキノホストクラブ,
雨宮美輝,alpha by ACQUA -本店-,https://www.host2.jp/shop/alpha1/index.html,https://www.host2.jp/shop/alpha1/miki/index.html,https://www.host2.jp/shop/alpha1/miki/pr01-thum.jpg,12,2026-09-24,12,,,,,公開TikTokランキング氏名一致,0,歌舞伎町ホストクラブ,
一神脩也,AVALANCHE,https://www.host2.jp/shop/avalanche/index.html,https://www.host2.jp/shop/avalanche/shuya/index.html,https://www.host2.jp/shop/avalanche/shuya/pr01-thum.jpg,,2026-09-24,,,,,,公開全国人気指標 6019,0,歌舞伎町ホストクラブ,
はるぼー,CREATE PLUS,https://www.host2.jp/shop/createplus/index.html,https://www.host2.jp/shop/createplus/harubo/index.html,https://www.host2.jp/shop/createplus/harubo/pr01-thum.jpg,,2026-09-24,,,,,,公開全国人気指標 1730,0,歌舞伎町ホストクラブ,
折原ちさ,Dear's -1st福岡-,https://www.host2.jp/shop/dears-fukuoka1st-/index.html,https://www.host2.jp/shop/dears-fukuoka1st-/chisa01/index.html,https://www.host2.jp/shop/dears-fukuoka1st-/chisa01/pr01-thum.jpg,,2026-09-24,,,,,,公開全国人気指標 2370,0,福岡／中洲・天神ホストクラブ,
神凪悠雅,EPISODE -by groupdandy-,https://www.host2.jp/shop/episode_/index.html,https://www.host2.jp/shop/episode_/yuga/index.html,https://www.host2.jp/shop/episode_/yuga/pr01-thum.jpg,,2026-09-24,,,,,,公開TikTokランキング氏名一致,0,歌舞伎町ホストクラブ,
小笠原 悠太,KINGS,https://www.host2.jp/shop/kings01/index.html,https://www.host2.jp/shop/kings01/yuta/index.html,https://www.host2.jp/shop/kings01/yuta/pr01-thum.jpg,,2026-09-24,,,,,,公開全国人気指標 1807,0,歌舞伎町ホストクラブ,
柊 斗真,PLATINA -本店-,https://www.host2.jp/shop/platina/index.html,https://www.host2.jp/shop/platina/toma2/index.html,https://www.host2.jp/shop/platina/toma2/pr01-thum.jpg,,2026-09-24,,,,,,公開TikTokランキング氏名一致,0,歌舞伎町ホストクラブ,
優希隆斗,PRIDE,https://www.host2.jp/shop/pride/index.html,https://www.host2.jp/shop/pride/ryuto/index.html,https://www.host2.jp/shop/pride/ryuto/pr01-thum.jpg,,2026-09-24,,,,,,公開TikTokランキング氏名一致,0,歌舞伎町ホストクラブ,
一ノ瀬 天音,ROMANCE,https://www.host2.jp/shop/romance1/index.html,https://www.host2.jp/shop/romance1/tenga/index.html,https://www.host2.jp/shop/romance1/tenga/pr01-thum.jpg,6,2026-09-24,6,,,,,公開TikTokランキング氏名一致,0,歌舞伎町ホストクラブ,
らすく様,TOP DANDY,https://www.host2.jp/shop/topdandy/index.html,https://www.host2.jp/shop/topdandy/rasukusama/index.html,https://www.host2.jp/shop/topdandy/rasukusama/pr01-thum.jpg,,2026-09-24,,,,,,公開TikTokランキング氏名一致,0,歌舞伎町ホストクラブ,
秋,APEX,https://www.host2.jp/shop/apex1/index.html,https://www.host2.jp/shop/apex1/aki/index.html,https://www.host2.jp/shop/apex1/aki/pr01-thum.jpg,1,2026-09-24,1,,,,,User-requested host list; current public Host2 profile with detectable face.,0,歌舞伎町ホストクラブ,
Ni-ki,ALL WHITE,https://www.host2.jp/shop/allfirsttime/index.html,https://www.host2.jp/shop/allfirsttime/lyam/index.html,https://www.host2.jp/shop/allfirsttime/lyam/pr01-thum.jpg,11,2026-09-24,11,,,,,User-requested host list; current public Host2 profile with detectable face.,0,歌舞伎町ホストクラブ,
ルハン,FILIA,https://www.host2.jp/shop/filia/index.html,https://www.host2.jp/shop/filia/ruha/index.html,https://www.host2.jp/shop/filia/ruha/pr01-thum.jpg,6,2026-09-24,6,,,,,User-requested host list; current public Host2 profile with detectable face.,0,歌舞伎町ホストクラブ,
レイ,HANDSOME,https://www.host2.jp/shop/trend/index.html,https://www.host2.jp/shop/trend/rei02/index.html,https://www.host2.jp/shop/trend/rei02/pr01-thum.jpg,3,2026-09-24,3,,,,,User-requested host list; current public Host2 profile with detectable face.,0,歌舞伎町ホストクラブ,
燈夜,SWAG,https://www.host2.jp/shop/swag/index.html,https://www.host2.jp/shop/swag/toya/index.html,https://www.host2.jp/shop/swag/toya/pr01-thum.jpg,,2026-09-24,,,,,,User-requested host list; current public Host2 profile with detectable face.,0,歌舞伎町ホストクラブ,
水瀬 蒼,ARIEL,https://www.host2.jp/shop/arielspring/index.html,https://www.host2.jp/shop/arielspring/aoi/index.html,https://www.host2.jp/shop/arielspring/aoi/pr01-thum.jpg,3,2026-09-24,3,,,,,User-requested host list; current public Host2 profile with detectable face.,0,歌舞伎町ホストクラブ,
朱雀 奏,HANDSOME,https://www.host2.jp/shop/trend/index.html,https://www.host2.jp/shop/trend/kanade/index.html,https://www.host2.jp/shop/trend/kanade/pr01-thum.jpg,6,2026-09-24,6,,,,,User-requested host list; current public Host2 profile with detectable face.,0,歌舞伎町ホストクラブ,
成瀬 遥,Re:STAR,https://www.host2.jp/shop/restar/index.html,https://www.host2.jp/shop/restar/haruka/index.html,https://www.host2.jp/shop/restar/haruka/pr01-thum.jpg,1,2026-09-24,1,,,,,User-requested host list; current public Host2 profile with detectable face.,0,歌舞伎町ホストクラブ,
KAEDE。,GRAN -SAPPORO-,https://www.host2.jp/shop/gran-sapporo/index.html,https://www.host2.jp/shop/gran-sapporo/kaede01/index.html,https://www.host2.jp/shop/gran-sapporo/kaede01/pr01-thum.jpg,1,2026-09-24,1,,,,,User-requested host list; current public Host2 profile with detectable face.,0,北海道／ススキノホストクラブ,
風美ガク,TOP DANDY,https://www.host2.jp/shop/topdandy/index.html,https://www.host2.jp/shop/topdandy/gaku01/index.html,https://www.host2.jp/shop/topdandy/gaku01/pr01-thum.jpg,,2026-09-24,,,,,,User-requested host list; current public Host2 profile with detectable face.,0,歌舞伎町ホストクラブ,
JESSE,ROMEO & JULIET,https://www.host2.jp/shop/rj/index.html,https://www.host2.jp/shop/rj/jesse/index.html,https://www.host2.jp/shop/rj/jesse/pr01-thum.jpg,12,2026-09-24,12,,,,,User-requested host list; current public Host2 profile with detectable face.,0,歌舞伎町ホストクラブ,
本城 蓮,ARC,https://www.host2.jp/shop/arc2/index.html,https://www.host2.jp/shop/arc2/ren/index.html,https://www.host2.jp/shop/arc2/ren/pr01-thum.jpg,17,2026-09-24,17,,,,,User-requested host list; current public Host2 profile with detectable face.,0,歌舞伎町ホストクラブ,
新横浜 龍星,GRAN -TOKYO-,https://www.host2.jp/shop/gran4/index.html,https://www.host2.jp/shop/gran4/ryusei04/index.html,https://www.host2.jp/shop/gran4/ryusei04/pr01-thum.jpg,9,2026-09-24,9,,,,,User-requested host list; current public Host2 profile with detectable face.,0,歌舞伎町ホストクラブ,
青春 雅,ROMEO & JULIET,https://www.host2.jp/shop/rj/index.html,https://www.host2.jp/shop/rj/miyabi/index.html,https://www.host2.jp/shop/rj/miyabi/pr01-thum.jpg,14,2026-09-24,14,,,,,User-requested host list; current public Host2 profile with detectable face.,0,歌舞伎町ホストクラブ,
蒼介,ROMEO & JULIET,https://www.host2.jp/shop/rj/index.html,https://www.host2.jp/shop/rj/sosuke/index.html,https://www.host2.jp/shop/rj/sosuke/pr01-thum.jpg,5,2026-09-24,5,,,,,User-requested host list; current public Host2 profile with detectable face.,0,歌舞伎町ホストクラブ,
咲人,alpha KANAZAWA by ACQUA,https://www.host2.jp/shop/alphakanazawa01/index.html,https://www.host2.jp/shop/alphakanazawa01/sakito/index.html,https://www.host2.jp/shop/alphakanazawa01/sakito/pr01-thum.jpg,2,2026-09-24,2,,,,,User-requested host list; current public Host2 profile with detectable face.,0,歌舞伎町ホストクラブ,
両儀 式,FILIA,https://www.host2.jp/shop/filia/index.html,https://www.host2.jp/shop/filia/shiki01/index.html,https://www.host2.jp/shop/filia/shiki01/pr01-thum.jpg,12,2026-09-24,12,,,,,User-requested host list; current public Host2 profile with detectable face.,0,歌舞伎町ホストクラブ,
緋咲レイ,SINCE YOU... -Day'z本店-,https://www.host2.jp/shop/d02/index.html,https://www.host2.jp/shop/d02/reichoru/index.html,https://www.host2.jp/shop/d02/reichoru/pr01-thum.jpg,10,2026-09-24,10,,,,,User-requested host list; current public Host2 profile with detectable face.,0,歌舞伎町ホストクラブ,
逆巻アヤト,Leo,https://www.host2.jp/shop/leo/index.html,https://www.host2.jp/shop/leo/ayato/index.html,https://www.host2.jp/shop/leo/ayato/pr01-thum.jpg,,2026-09-24,,,,,,User-requested host list; current public Host2 profile with detectable face.,0,歌舞伎町ホストクラブ,
壱聖,TOP DANDY別館,https://www.host2.jp/shop/topdandybekkan/index.html,https://www.host2.jp/shop/topdandybekkan/issei/index.html,https://www.host2.jp/shop/topdandybekkan/issei/pr01-thum.jpg,,2026-09-24,,,,,,User-requested host list; current public Host2 profile with detectable face.,0,歌舞伎町ホストクラブ,
蒼生 耀,UNITED Dear's -本店-,https://www.host2.jp/shop/uniteddears/index.html,https://www.host2.jp/shop/uniteddears/yo/index.html,https://www.host2.jp/shop/uniteddears/yo/pr01-thum.jpg,2,2026-09-24,2,,,,,User-requested host list; current public Host2 profile with detectable face.,0,歌舞伎町ホストクラブ,
一条玲鳳,BLUE OSAKA,https://www.host2.jp/shop/blue_osaka/index.html,https://www.host2.jp/shop/blue_osaka/leo2/index.html,https://www.host2.jp/shop/blue_osaka/leo2/pr01-thum.jpg,,2026-09-24,,,,,,User-requested host list; current public Host2 profile with detectable face.,0,大阪／ミナミホストクラブ,
成星心愛,ACE CENTURION,https://www.host2.jp/shop/acecenturion/index.html,https://www.host2.jp/shop/acecenturion/cocoa/index.html,https://www.host2.jp/shop/acecenturion/cocoa/pr01-thum.jpg,,2026-09-24,,,,,,User-requested host list; current public Host2 profile with detectable face.,0,歌舞伎町ホストクラブ,
とあ,LALA,https://www.host2.jp/shop/lala/index.html,https://www.host2.jp/shop/lala/toa/index.html,https://www.host2.jp/shop/lala/toa/pr01-thum.jpg,14,2026-09-24,14,,,,,User-requested host list; current public Host2 profile with detectable face.,0,歌舞伎町ホストクラブ,
琲世ココア,XXX -faith-,https://www.host2.jp/shop/xxx/index.html,https://www.host2.jp/shop/xxx/cocoa/index.html,https://www.host2.jp/shop/xxx/cocoa/pr01-thum.jpg,,2026-09-24,,,,,,User-requested host list; current public Host2 profile with detectable face.,0,歌舞伎町ホストクラブ,
鳳條隼人,SWAMP,https://www.host2.jp/shop/swamp/index.html,https://www.host2.jp/shop/swamp/hayato/index.html,https://www.host2.jp/shop/swamp/hayato/pr01-thum.jpg,,2026-09-24,,,,,,User-requested host list; current public Host2 profile with detectable face.,0,歌舞伎町ホストクラブ,
御巫ルキア,A-TOP -MONSTAR-,https://www.host2.jp/shop/a-top/index.html,https://www.host2.jp/shop/a-top/rukia/index.html,https://www.host2.jp/shop/a-top/rukia/pr01-thum.jpg,9,2026-09-24,9,,,,,User-requested host list; current public Host2 profile with detectable face.,0,歌舞伎町ホストクラブ,
星咲 彗,TOP1ONE,https://www.host2.jp/shop/topone/index.html,https://www.host2.jp/shop/topone/sui/index.html,https://www.host2.jp/shop/topone/sui/pr01-thum.jpg,7,2026-09-24,7,,,,,User-requested host list; current public Host2 profile with detectable face.,0,歌舞伎町ホストクラブ,
都神キルア,ADAM,https://www.host2.jp/shop/adam/index.html,https://www.host2.jp/shop/adam/kirua/index.html,https://www.host2.jp/shop/adam/kirua/pr01-thum.jpg,2,2026-09-24,2,,,,,User-requested host list; current public Host2 profile with detectable face.,0,歌舞伎町ホストクラブ,
夜,FILIA plus,https://www.host2.jp/shop/filiaplus/index.html,https://www.host2.jp/shop/filiaplus/yoru00/index.html,https://www.host2.jp/shop/filiaplus/yoru00/pr01-thum.jpg,4,2026-09-24,4,,,,,User-requested host list; current public Host2 profile with detectable face.,0,歌舞伎町ホストクラブ,
リチャード,ADAM RISE,https://www.host2.jp/shop/adamrise/index.html,https://www.host2.jp/shop/adamrise/richard/index.html,https://www.host2.jp/shop/adamrise/richard/pr01-thum.jpg,2,2026-09-24,2,,,,,User-requested host list; current public Host2 profile with detectable face.,0,歌舞伎町ホストクラブ,
日向ひなた,GAIA,https://www.host2.jp/shop/gaia/index.html,https://www.host2.jp/shop/gaia/hinata/index.html,https://www.host2.jp/shop/gaia/hinata/pr01-thum.jpg,,2026-09-25,,,,,,User-requested addition; public Host2 profile and face photo verified.,0,大阪／ミナミホストクラブ,face
＃まつしまなおや,alpha by ACQUA -本店-,https://www.host2.jp/shop/alpha1/index.html,https://www.host2.jp/shop/alpha1/naoya01/index.html,https://www.host2.jp/shop/alpha1/naoya01/pr01-thum.jpg,,2026-09-25,,,,,https://x.com/otoko_matusima,User-requested addition; public Host2 profile and face photo verified.,0,歌舞伎町ホストクラブ,face
早乙女らんま,Dio,https://www.host2.jp/shop/dio2/index.html,https://www.host2.jp/shop/dio2/ramma/index.html,https://www.host2.jp/shop/dio2/ramma/pr01-thum.jpg,,2026-09-25,,,,,,User-requested addition; public Host2 profile and face photo verified.,0,歌舞伎町ホストクラブ,face
