name,shop,host2_shop_url,host2_profile_url,photo_source_url,shop_monthly_rank,collected_at,selection_score,shop_listed_hosts,sns_tiktok_top30_match,external_popularity_signal,selection_basis
七瀬るい,alpha by ACQUA -本店-,https://www.host2.jp/shop/alpha1/index.html,https://www.host2.jp/shop/alpha1/rui/index.html,https://www.host2.jp/shop/alpha1/rui/pr01-thum.jpg,1,2026-09-24,10556,28,yes,,Host2 monthly in-shop rank; listed shop scale; public SNS/popularity match when exact-name verified
パクセロイ,club -FAIRY-,https://www.host2.jp/shop/c_fairy/index.html,https://www.host2.jp/shop/c_fairy/kota/index.html,https://www.host2.jp/shop/c_fairy/kota/pr01-thum.jpg,1,2026-09-24,10550,25,yes,,Host2 monthly in-shop rank; listed shop scale; public SNS/popularity match when exact-name verified
あいち,FIXER,https://www.host2.jp/shop/fixer_nagoya/index.html,https://www.host2.jp/shop/fixer_nagoya/aichi/index.html,https://www.host2.jp/shop/fixer_nagoya/aichi/pr01-thum.jpg,1,2026-09-24,10526,13,yes,,Host2 monthly in-shop rank; listed shop scale; public SNS/popularity match when exact-name verified
ハルト,BELLE,https://www.host2.jp/shop/belle_nagoya/index.html,https://www.host2.jp/shop/belle_nagoya/haruto/index.html,https://www.host2.jp/shop/belle_nagoya/haruto/pr01-thum.jpg,1,2026-09-24,10526,13,yes,,Host2 monthly in-shop rank; listed shop scale; public SNS/popularity match when exact-name verified
咲夜 京,BOY,https://www.host2.jp/shop/boy/index.html,https://www.host2.jp/shop/boy/kyo/index.html,https://www.host2.jp/shop/boy/kyo/pr01-thum.jpg,3,2026-09-24,10348,24,yes,,Host2 monthly in-shop rank; listed shop scale; public SNS/popularity match when exact-name verified
飛鳥冬凛,MIKADO,https://www.host2.jp/shop/mikado/index.html,https://www.host2.jp/shop/mikado/tori/index.html,https://www.host2.jp/shop/mikado/tori/pr01-thum.jpg,2,2026-09-24,2207,34,,1739,Host2 monthly in-shop rank; listed shop scale; public SNS/popularity match when exact-name verified
一ノ瀬エイト,CANDY,https://www.host2.jp/shop/candy01/index.html,https://www.host2.jp/shop/candy01/eito01/index.html,https://www.host2.jp/shop/candy01/eito01/pr01-thum.jpg,1,2026-09-24,660,169,,,Host2 monthly in-shop rank; listed shop scale; public SNS/popularity match when exact-name verified
天使咲瑠,CHRONO,https://www.host2.jp/shop/chrono_nagoya/index.html,https://www.host2.jp/shop/chrono_nagoya/elle/index.html,https://www.host2.jp/shop/chrono_nagoya/elle/pr01-thum.jpg,1,2026-09-24,660,89,,,Host2 monthly in-shop rank; listed shop scale; public SNS/popularity match when exact-name verified
桜木 凌,VALHALLA,https://www.host2.jp/shop/yggdrasill04/index.html,https://www.host2.jp/shop/yggdrasill04/ryo03/index.html,https://www.host2.jp/shop/yggdrasill04/ryo03/pr01-thum.jpg,1,2026-09-24,660,110,,,Host2 monthly in-shop rank; listed shop scale; public SNS/popularity match when exact-name verified
楓舞,A.I.M,https://www.host2.jp/shop/a-i-m/index.html,https://www.host2.jp/shop/a-i-m/fuma/index.html,https://www.host2.jp/shop/a-i-m/fuma/pr01-thum.jpg,1,2026-09-24,660,88,,,Host2 monthly in-shop rank; listed shop scale; public SNS/popularity match when exact-name verified
櫻井瑛紫,YGGDRASILL,https://www.host2.jp/shop/yggdrasill01/index.html,https://www.host2.jp/shop/yggdrasill01/eiji/index.html,https://www.host2.jp/shop/yggdrasill01/eiji/pr01-thum.jpg,1,2026-09-24,660,112,,,Host2 monthly in-shop rank; listed shop scale; public SNS/popularity match when exact-name verified
詩音,TOP DANDY,https://www.host2.jp/shop/topdandy/index.html,https://www.host2.jp/shop/topdandy/shion01/index.html,https://www.host2.jp/shop/topdandy/shion01/pr01-thum.jpg,1,2026-09-24,660,152,,,Host2 monthly in-shop rank; listed shop scale; public SNS/popularity match when exact-name verified
賢人,TOP DANDY別館,https://www.host2.jp/shop/topdandybekkan/index.html,https://www.host2.jp/shop/topdandybekkan/kento/index.html,https://www.host2.jp/shop/topdandybekkan/kento/pr01-thum.jpg,1,2026-09-24,660,89,,,Host2 monthly in-shop rank; listed shop scale; public SNS/popularity match when exact-name verified
水瀬 葵,PRISM,https://www.host2.jp/shop/prism/index.html,https://www.host2.jp/shop/prism/aoi/index.html,https://www.host2.jp/shop/prism/aoi/pr01-thum.jpg,1,2026-09-24,648,74,,,Host2 monthly in-shop rank; listed shop scale; public SNS/popularity match when exact-name verified
るか,LSP -本店-,https://www.host2.jp/shop/lsp/index.html,https://www.host2.jp/shop/lsp/ruka/index.html,https://www.host2.jp/shop/lsp/ruka/pr01-thum.jpg,1,2026-09-24,646,73,,,Host2 monthly in-shop rank; listed shop scale; public SNS/popularity match when exact-name verified
大空 蒼,UNIVERSE,https://www.host2.jp/shop/universe/index.html,https://www.host2.jp/shop/universe/ao/index.html,https://www.host2.jp/shop/universe/ao/pr01-thum.jpg,1,2026-09-24,646,73,,,Host2 monthly in-shop rank; listed shop scale; public SNS/popularity match when exact-name verified
黒崎礼音,AMATERAS,https://www.host2.jp/shop/amateras02/index.html,https://www.host2.jp/shop/amateras02/omi/index.html,https://www.host2.jp/shop/amateras02/omi/pr01-thum.jpg,0,2026-09-24,642,21,,,Host2 monthly in-shop rank; listed shop scale; public SNS/popularity match when exact-name verified
妃咲叶桜,ESPRINCE KUMAMOTO,https://www.host2.jp/shop/esprincekumamoto/index.html,https://www.host2.jp/shop/esprincekumamoto/kanon/index.html,https://www.host2.jp/shop/esprincekumamoto/kanon/pr01-thum.jpg,0,2026-09-24,638,19,,,Host2 monthly in-shop rank; listed shop scale; public SNS/popularity match when exact-name verified
帝 麗苑,THE ONE,https://www.host2.jp/shop/theone_osaka/index.html,https://www.host2.jp/shop/theone_osaka/reon/index.html,https://www.host2.jp/shop/theone_osaka/reon/pr01-thum.jpg,1,2026-09-24,638,69,,,Host2 monthly in-shop rank; listed shop scale; public SNS/popularity match when exact-name verified
白恋風磨,RE:MAKE,https://www.host2.jp/shop/remake_gd/index.html,https://www.host2.jp/shop/remake_gd/fuma01/index.html,https://www.host2.jp/shop/remake_gd/fuma01/pr01-thum.jpg,1,2026-09-24,638,69,,,Host2 monthly in-shop rank; listed shop scale; public SNS/popularity match when exact-name verified
流星,TOP DANDY NAGOYA,https://www.host2.jp/shop/topdandynagoya/index.html,https://www.host2.jp/shop/topdandynagoya/ryusei/index.html,https://www.host2.jp/shop/topdandynagoya/ryusei/pr01-thum.jpg,1,2026-09-24,636,68,,,Host2 monthly in-shop rank; listed shop scale; public SNS/popularity match when exact-name verified
皇あとむ,Celeste,https://www.host2.jp/shop/celeste01/index.html,https://www.host2.jp/shop/celeste01/atomu/index.html,https://www.host2.jp/shop/celeste01/atomu/pr01-thum.jpg,1,2026-09-24,636,68,,,Host2 monthly in-shop rank; listed shop scale; public SNS/popularity match when exact-name verified
皇 礼央,ALL WHITE,https://www.host2.jp/shop/allfirsttime/index.html,https://www.host2.jp/shop/allfirsttime/sumeragi/index.html,https://www.host2.jp/shop/allfirsttime/sumeragi/pr01-thum.jpg,1,2026-09-24,632,66,,,Host2 monthly in-shop rank; listed shop scale; public SNS/popularity match when exact-name verified
成宮星翔,Chloe -Queens-,https://www.host2.jp/shop/chloe02/index.html,https://www.host2.jp/shop/chloe02/seito/index.html,https://www.host2.jp/shop/chloe02/seito/pr01-thum.jpg,1,2026-09-24,624,62,,,Host2 monthly in-shop rank; listed shop scale; public SNS/popularity match when exact-name verified
龍,CROSS GUILD,https://www.host2.jp/shop/crossguild/index.html,https://www.host2.jp/shop/crossguild/tatsu/index.html,https://www.host2.jp/shop/crossguild/tatsu/pr01-thum.jpg,1,2026-09-24,622,61,,,Host2 monthly in-shop rank; listed shop scale; public SNS/popularity match when exact-name verified
紅夜,MONSTAR,https://www.host2.jp/shop/monstar/index.html,https://www.host2.jp/shop/monstar/akaya/index.html,https://www.host2.jp/shop/monstar/akaya/pr01-thum.jpg,1,2026-09-24,620,60,,,Host2 monthly in-shop rank; listed shop scale; public SNS/popularity match when exact-name verified
咲夜佳衣,WHITE,https://www.host2.jp/shop/white_ehime/index.html,https://www.host2.jp/shop/white_ehime/kai/index.html,https://www.host2.jp/img/com/staff_pr.jpg,1,2026-09-24,618,59,,,Host2 monthly in-shop rank; listed shop scale; public SNS/popularity match when exact-name verified
早瀬 優,HAREM -総本店-,https://www.host2.jp/shop/harem001/index.html,https://www.host2.jp/shop/harem001/x/index.html,https://www.host2.jp/shop/harem001/x/pr01-thum.jpg,1,2026-09-24,618,59,,,Host2 monthly in-shop rank; listed shop scale; public SNS/popularity match when exact-name verified
椿 鳴,SINCE YOU... -本店-,https://www.host2.jp/shop/sinceyou3/index.html,https://www.host2.jp/shop/sinceyou3/naru/index.html,https://www.host2.jp/shop/sinceyou3/naru/pr01-thum.jpg,1,2026-09-24,618,59,,,Host2 monthly in-shop rank; listed shop scale; public SNS/popularity match when exact-name verified
める,CANDYS DIAMOND,https://www.host2.jp/shop/candys_diamond/index.html,https://www.host2.jp/shop/candys_diamond/meru/index.html,https://www.host2.jp/shop/candys_diamond/meru/pr01-thum.jpg,1,2026-09-24,616,58,,,Host2 monthly in-shop rank; listed shop scale; public SNS/popularity match when exact-name verified
玲王,YGGDRASILL -OSAKA-,https://www.host2.jp/shop/yggdrasillosaka/index.html,https://www.host2.jp/shop/yggdrasillosaka/reo/index.html,https://www.host2.jp/shop/yggdrasillosaka/reo/pr01-thum.jpg,1,2026-09-24,616,58,,,Host2 monthly in-shop rank; listed shop scale; public SNS/popularity match when exact-name verified
翔和,XXX -crest-,https://www.host2.jp/shop/xxxcrest/index.html,https://www.host2.jp/shop/xxxcrest/towa/index.html,https://www.host2.jp/shop/xxxcrest/towa/pr01-thum.jpg,1,2026-09-24,616,58,,,Host2 monthly in-shop rank; listed shop scale; public SNS/popularity match when exact-name verified
八谷 絹,ADAM,https://www.host2.jp/shop/adam_takamatsu/index.html,https://www.host2.jp/shop/adam_takamatsu/kinu/index.html,https://www.host2.jp/shop/adam_takamatsu/kinu/pr01-thum.jpg,1,2026-09-24,614,57,,,Host2 monthly in-shop rank; listed shop scale; public SNS/popularity match when exact-name verified
天月蓮次,ABYSS,https://www.host2.jp/shop/abyss_y/index.html,https://www.host2.jp/shop/abyss_y/renji/index.html,https://www.host2.jp/shop/abyss_y/renji/pr01-thum.jpg,1,2026-09-24,614,57,,,Host2 monthly in-shop rank; listed shop scale; public SNS/popularity match when exact-name verified
成宮 蘭,COLLECTION,https://www.host2.jp/shop/collection/index.html,https://www.host2.jp/shop/collection/ran/index.html,https://www.host2.jp/shop/collection/ran/pr01-thum.jpg,1,2026-09-24,614,57,,,Host2 monthly in-shop rank; listed shop scale; public SNS/popularity match when exact-name verified
星空 輝,L2,https://www.host2.jp/shop/l2gunma/index.html,https://www.host2.jp/shop/l2gunma/kirari2/index.html,https://www.host2.jp/shop/l2gunma/kirari2/pr01-thum.jpg,1,2026-09-24,612,56,,,Host2 monthly in-shop rank; listed shop scale; public SNS/popularity match when exact-name verified
秋,YGGDRASILL -SAPPORO-,https://www.host2.jp/shop/ygd_sapporo/index.html,https://www.host2.jp/shop/ygd_sapporo/akittt/index.html,https://www.host2.jp/shop/ygd_sapporo/akittt/pr01-thum.jpg,1,2026-09-24,610,55,,,Host2 monthly in-shop rank; listed shop scale; public SNS/popularity match when exact-name verified
美月,Laguna,https://www.host2.jp/shop/laguna/index.html,https://www.host2.jp/shop/laguna/mitsuki/index.html,https://www.host2.jp/shop/laguna/mitsuki/pr01-thum.jpg,1,2026-09-24,610,55,,,Host2 monthly in-shop rank; listed shop scale; public SNS/popularity match when exact-name verified
ALICE,Re:BORN,https://www.host2.jp/shop/reborngifu/index.html,https://www.host2.jp/shop/reborngifu/alice/index.html,https://www.host2.jp/shop/reborngifu/alice/pr01-thum.jpg,1,2026-09-24,604,52,,,Host2 monthly in-shop rank; listed shop scale; public SNS/popularity match when exact-name verified
南 桜,BLACK,https://www.host2.jp/shop/black_gd/index.html,https://www.host2.jp/shop/black_gd/sakura/index.html,https://www.host2.jp/shop/black_gd/sakura/pr01-thum.jpg,1,2026-09-24,604,52,,,Host2 monthly in-shop rank; listed shop scale; public SNS/popularity match when exact-name verified
天照 煌,GOLD NAGOYA,https://www.host2.jp/shop/gldngy/index.html,https://www.host2.jp/shop/gldngy/hikaru/index.html,https://www.host2.jp/shop/gldngy/hikaru/pr01-thum.jpg,1,2026-09-24,604,52,,,Host2 monthly in-shop rank; listed shop scale; public SNS/popularity match when exact-name verified
希劉(スーパーコリアン),UNIVERSE -NOVA-,https://www.host2.jp/shop/novaosakaminami/index.html,https://www.host2.jp/shop/novaosakaminami/kiru/index.html,https://www.host2.jp/shop/novaosakaminami/kiru/pr01-thum.jpg,1,2026-09-24,604,52,,,Host2 monthly in-shop rank; listed shop scale; public SNS/popularity match when exact-name verified
柴犬癒人,CANDYS FILM,https://www.host2.jp/shop/candysfilm/index.html,https://www.host2.jp/shop/candysfilm/yuto01/index.html,https://www.host2.jp/shop/candysfilm/yuto01/pr01-thum.jpg,1,2026-09-24,604,52,,,Host2 monthly in-shop rank; listed shop scale; public SNS/popularity match when exact-name verified
銀次,ANARCHY -本店-,https://www.host2.jp/shop/anarchy/index.html,https://www.host2.jp/shop/anarchy/x/index.html,https://www.host2.jp/shop/anarchy/x/pr01-thum.jpg,1,2026-09-24,604,52,,,Host2 monthly in-shop rank; listed shop scale; public SNS/popularity match when exact-name verified
KEITY,PLATINA -本店-,https://www.host2.jp/shop/platina/index.html,https://www.host2.jp/shop/platina/keity/index.html,https://www.host2.jp/shop/platina/keity/pr01-thum.jpg,1,2026-09-24,602,51,,,Host2 monthly in-shop rank; listed shop scale; public SNS/popularity match when exact-name verified
ほへとに伊呂波,FUYUTSUKI -DeZon-,https://www.host2.jp/shop/dezon01/index.html,https://www.host2.jp/shop/dezon01/iroha01/index.html,https://www.host2.jp/shop/dezon01/iroha01/pr01-thum.jpg,1,2026-09-24,602,51,,,Host2 monthly in-shop rank; listed shop scale; public SNS/popularity match when exact-name verified
華神集也,CANDYS GOD,https://www.host2.jp/shop/candys_god/index.html,https://www.host2.jp/shop/candys_god/shuya/index.html,https://www.host2.jp/shop/candys_god/shuya/pr01-thum.jpg,1,2026-09-24,602,51,,,Host2 monthly in-shop rank; listed shop scale; public SNS/popularity match when exact-name verified
黒碕健人,WORLD,https://www.host2.jp/shop/world/index.html,https://www.host2.jp/shop/world/kento/index.html,https://www.host2.jp/shop/world/kento/pr01-thum.jpg,1,2026-09-24,602,51,,,Host2 monthly in-shop rank; listed shop scale; public SNS/popularity match when exact-name verified
儚い世界,DEEP,https://www.host2.jp/shop/deep03/index.html,https://www.host2.jp/shop/deep03/sekai/index.html,https://www.host2.jp/shop/deep03/sekai/pr01-thum.jpg,1,2026-09-24,600,50,,,Host2 monthly in-shop rank; listed shop scale; public SNS/popularity match when exact-name verified
空本みのる,GENTLE,https://www.host2.jp/shop/gentle/index.html,https://www.host2.jp/shop/gentle/minoru/index.html,https://www.host2.jp/shop/gentle/minoru/pr01-thum.jpg,1,2026-09-24,600,50,,,Host2 monthly in-shop rank; listed shop scale; public SNS/popularity match when exact-name verified
道明寺 楽,neo universe,https://www.host2.jp/shop/neouniverse/index.html,https://www.host2.jp/shop/neouniverse/gaku/index.html,https://www.host2.jp/shop/neouniverse/gaku/pr01-thum.jpg,1,2026-09-24,600,50,,,Host2 monthly in-shop rank; listed shop scale; public SNS/popularity match when exact-name verified
風早 樂,UNIVERSE zero,https://www.host2.jp/shop/universezero/index.html,https://www.host2.jp/shop/universezero/gaku/index.html,https://www.host2.jp/shop/universezero/gaku/pr01-thum.jpg,1,2026-09-24,600,50,,,Host2 monthly in-shop rank; listed shop scale; public SNS/popularity match when exact-name verified
RAI,SINCE YOU... -Classic-,https://www.host2.jp/shop/sinceyouclassic/index.html,https://www.host2.jp/shop/sinceyouclassic/rai/index.html,https://www.host2.jp/shop/sinceyouclassic/rai/pr01-thum.jpg,1,2026-09-24,598,49,,,Host2 monthly in-shop rank; listed shop scale; public SNS/popularity match when exact-name verified
颯天,ellie,https://www.host2.jp/shop/ellie/index.html,https://www.host2.jp/shop/ellie/hayate/index.html,https://www.host2.jp/shop/ellie/hayate/pr01-thum.jpg,1,2026-09-24,598,49,,,Host2 monthly in-shop rank; listed shop scale; public SNS/popularity match when exact-name verified
sena,TOP DANDY -1st-,https://www.host2.jp/shop/topdandy1st/index.html,https://www.host2.jp/shop/topdandy1st/sena01/index.html,https://www.host2.jp/shop/topdandy1st/sena01/pr01-thum.jpg,1,2026-09-24,596,48,,,Host2 monthly in-shop rank; listed shop scale; public SNS/popularity match when exact-name verified
涼宮ハルヒ,EGOIST,https://www.host2.jp/shop/egoist/index.html,https://www.host2.jp/shop/egoist/haruhi/index.html,https://www.host2.jp/shop/egoist/haruhi/pr01-thum.jpg,1,2026-09-24,596,48,,,Host2 monthly in-shop rank; listed shop scale; public SNS/popularity match when exact-name verified
あらし,HEAVEN,https://www.host2.jp/shop/heaven01/index.html,https://www.host2.jp/shop/heaven01/arashi02/index.html,https://www.host2.jp/shop/heaven01/arashi02/pr01-thum.jpg,1,2026-09-24,594,47,,,Host2 monthly in-shop rank; listed shop scale; public SNS/popularity match when exact-name verified
ゆら,KING,https://www.host2.jp/shop/king2/index.html,https://www.host2.jp/shop/king2/yura/index.html,https://www.host2.jp/shop/king2/yura/pr01-thum.jpg,1,2026-09-24,594,47,,,Host2 monthly in-shop rank; listed shop scale; public SNS/popularity match when exact-name verified
星空,FUYUTSUKI -Chocolat-,https://www.host2.jp/shop/fuyutsuki/index.html,https://www.host2.jp/shop/fuyutsuki/sera/index.html,https://www.host2.jp/shop/fuyutsuki/sera/pr01-thum.jpg,1,2026-09-24,594,47,,,Host2 monthly in-shop rank; listed shop scale; public SNS/popularity match when exact-name verified
酸りお,GR8,https://www.host2.jp/shop/gr8/index.html,https://www.host2.jp/shop/gr8/rio/index.html,https://www.host2.jp/shop/gr8/rio/pr01-thum.jpg,1,2026-09-24,594,47,,,Host2 monthly in-shop rank; listed shop scale; public SNS/popularity match when exact-name verified
景虎,UNIVERSE -core-,https://www.host2.jp/shop/universecore/index.html,https://www.host2.jp/shop/universecore/kagetora/index.html,https://www.host2.jp/shop/universecore/kagetora/pr01-thum.jpg,1,2026-09-24,592,46,,,Host2 monthly in-shop rank; listed shop scale; public SNS/popularity match when exact-name verified
陸翔,club THE STINGER,https://www.host2.jp/shop/clubthestinger1/index.html,https://www.host2.jp/shop/clubthestinger1/rikuto/index.html,https://www.host2.jp/shop/clubthestinger1/rikuto/pr01-thum.jpg,1,2026-09-24,592,46,,,Host2 monthly in-shop rank; listed shop scale; public SNS/popularity match when exact-name verified
飛龍,ALLWHITE TERRACE,https://www.host2.jp/shop/allwhiteterrace/index.html,https://www.host2.jp/shop/allwhiteterrace/hiryu/index.html,https://www.host2.jp/shop/allwhiteterrace/hiryu/pr01-thum.jpg,1,2026-09-24,592,46,,,Host2 monthly in-shop rank; listed shop scale; public SNS/popularity match when exact-name verified
拓真,SINCE YOU... -POTALA-,https://www.host2.jp/shop/shinsuyupotara/index.html,https://www.host2.jp/shop/shinsuyupotara/takuma/index.html,https://www.host2.jp/shop/shinsuyupotara/takuma/pr01-thum.jpg,1,2026-09-24,590,45,,,Host2 monthly in-shop rank; listed shop scale; public SNS/popularity match when exact-name verified
李 音咒,HIGHCLASS,https://www.host2.jp/shop/highclass/index.html,https://www.host2.jp/shop/highclass/injl/index.html,https://www.host2.jp/shop/highclass/injl/pr01-thum.jpg,1,2026-09-24,590,45,,,Host2 monthly in-shop rank; listed shop scale; public SNS/popularity match when exact-name verified
一ノ瀬 周,TOP DANDY -朝TOP-,https://www.host2.jp/shop/topdandy2/index.html,https://www.host2.jp/shop/topdandy2/shu02/index.html,https://www.host2.jp/shop/topdandy2/shu02/pr01-thum.jpg,1,2026-09-24,588,44,,,Host2 monthly in-shop rank; listed shop scale; public SNS/popularity match when exact-name verified
五十嵐 俊,MILDROUS,https://www.host2.jp/shop/mildrous/index.html,https://www.host2.jp/shop/mildrous/syun/index.html,https://www.host2.jp/shop/mildrous/syun/pr01-thum.jpg,1,2026-09-24,586,43,,,Host2 monthly in-shop rank; listed shop scale; public SNS/popularity match when exact-name verified
桐生魁志,LEGEND,https://www.host2.jp/shop/legenda/index.html,https://www.host2.jp/shop/legenda/kaiji/index.html,https://www.host2.jp/shop/legenda/kaiji/pr01-thum.jpg,1,2026-09-24,586,43,,,Host2 monthly in-shop rank; listed shop scale; public SNS/popularity match when exact-name verified
琉生,NIRVANA,https://www.host2.jp/shop/nirvana/index.html,https://www.host2.jp/shop/nirvana/rui/index.html,https://www.host2.jp/shop/nirvana/rui/pr01-thum.jpg,1,2026-09-24,586,43,,,Host2 monthly in-shop rank; listed shop scale; public SNS/popularity match when exact-name verified
輝利人,AIR,https://www.host2.jp/shop/air/index.html,https://www.host2.jp/shop/air/kirito3/index.html,https://www.host2.jp/shop/air/kirito3/pr01-thum.jpg,1,2026-09-24,586,43,,,Host2 monthly in-shop rank; listed shop scale; public SNS/popularity match when exact-name verified
TAKERU,ETERNAL,https://www.host2.jp/shop/eternalosaka/index.html,https://www.host2.jp/shop/eternalosaka/takeru/index.html,https://www.host2.jp/shop/eternalosaka/takeru/pr01-thum.jpg,1,2026-09-24,584,42,,,Host2 monthly in-shop rank; listed shop scale; public SNS/popularity match when exact-name verified
あもん,GlitteR,https://www.host2.jp/shop/glitter/index.html,https://www.host2.jp/shop/glitter/amon/index.html,https://www.host2.jp/shop/glitter/amon/pr01-thum.jpg,1,2026-09-24,584,42,,,Host2 monthly in-shop rank; listed shop scale; public SNS/popularity match when exact-name verified
しょう,EDEN,https://www.host2.jp/shop/eden/index.html,https://www.host2.jp/shop/eden/sho/index.html,https://www.host2.jp/shop/eden/sho/pr01-thum.jpg,1,2026-09-24,584,42,,,Host2 monthly in-shop rank; listed shop scale; public SNS/popularity match when exact-name verified
すい,MAJESTY -本店-,https://www.host2.jp/shop/majesty/index.html,https://www.host2.jp/shop/majesty/kei/index.html,https://www.host2.jp/shop/majesty/kei/pr01-thum.jpg,1,2026-09-24,584,42,,,Host2 monthly in-shop rank; listed shop scale; public SNS/popularity match when exact-name verified
ダイア,EARTH,https://www.host2.jp/shop/earth3/index.html,https://www.host2.jp/shop/earth3/daia/index.html,https://www.host2.jp/shop/earth3/daia/pr01-thum.jpg,1,2026-09-24,584,42,,,Host2 monthly in-shop rank; listed shop scale; public SNS/popularity match when exact-name verified
仁,LIFDRASIR,https://www.host2.jp/shop/lifdrasir/index.html,https://www.host2.jp/shop/lifdrasir/jin/index.html,https://www.host2.jp/shop/lifdrasir/jin/pr01-thum.jpg,1,2026-09-24,584,42,,,Host2 monthly in-shop rank; listed shop scale; public SNS/popularity match when exact-name verified
桜咲皐月,TOP1ONE,https://www.host2.jp/shop/topone/index.html,https://www.host2.jp/shop/topone/satsuki/index.html,https://www.host2.jp/shop/topone/satsuki/pr01-thum.jpg,1,2026-09-24,584,42,,,Host2 monthly in-shop rank; listed shop scale; public SNS/popularity match when exact-name verified
橘 唯人,FATE,https://www.host2.jp/shop/fate/index.html,https://www.host2.jp/shop/fate/yuito/index.html,https://www.host2.jp/shop/fate/yuito/pr01-thum.jpg,1,2026-09-24,584,42,,,Host2 monthly in-shop rank; listed shop scale; public SNS/popularity match when exact-name verified
海空 陸,ARTEMIS,https://www.host2.jp/shop/artemis02/index.html,https://www.host2.jp/shop/artemis02/riku/index.html,https://www.host2.jp/shop/artemis02/riku/pr01-thum.jpg,1,2026-09-24,584,42,,,Host2 monthly in-shop rank; listed shop scale; public SNS/popularity match when exact-name verified
結夜,goofee,https://www.host2.jp/shop/goofee/index.html,https://www.host2.jp/shop/goofee/yuya/index.html,https://www.host2.jp/shop/goofee/yuya/pr01-thum.jpg,1,2026-09-24,584,42,,,Host2 monthly in-shop rank; listed shop scale; public SNS/popularity match when exact-name verified
翔,ALL BLACK,https://www.host2.jp/shop/allblack1/index.html,https://www.host2.jp/shop/allblack1/sho03/index.html,https://www.host2.jp/shop/allblack1/sho03/pr01-thum.jpg,1,2026-09-24,584,42,,,Host2 monthly in-shop rank; listed shop scale; public SNS/popularity match when exact-name verified
成瀬ねお（ねおぴ）,MINERVA -TOKYO-,https://www.host2.jp/shop/minerva/index.html,https://www.host2.jp/shop/minerva/neo/index.html,https://www.host2.jp/shop/minerva/neo/pr01-thum.jpg,1,2026-09-24,582,41,,,Host2 monthly in-shop rank; listed shop scale; public SNS/popularity match when exact-name verified
流星,UNIVERSE -LUX-,https://www.host2.jp/shop/universelux/index.html,https://www.host2.jp/shop/universelux/ryusei/index.html,https://www.host2.jp/shop/universelux/ryusei/pr01-thum.jpg,1,2026-09-24,582,41,,,Host2 monthly in-shop rank; listed shop scale; public SNS/popularity match when exact-name verified
神夜ノア,ICE,https://www.host2.jp/shop/ice_hiroshima/index.html,https://www.host2.jp/shop/ice_hiroshima/noa/index.html,https://www.host2.jp/shop/ice_hiroshima/noa/pr01-thum.jpg,1,2026-09-24,582,41,,,Host2 monthly in-shop rank; listed shop scale; public SNS/popularity match when exact-name verified
凛音,REGOLITH -本店-,https://www.host2.jp/shop/regolith/index.html,https://www.host2.jp/shop/regolith/rion/index.html,https://www.host2.jp/shop/regolith/rion/pr01-thum.jpg,1,2026-09-24,580,40,,,Host2 monthly in-shop rank; listed shop scale; public SNS/popularity match when exact-name verified
壱ノ瀬 童磨,STYLE,https://www.host2.jp/shop/p31st/index.html,https://www.host2.jp/shop/p31st/douma/index.html,https://www.host2.jp/shop/p31st/douma/pr01-thum.jpg,1,2026-09-24,580,40,,,Host2 monthly in-shop rank; listed shop scale; public SNS/popularity match when exact-name verified
尚弥,Roots,https://www.host2.jp/shop/roots_gd/index.html,https://www.host2.jp/shop/roots_gd/naoya/index.html,https://www.host2.jp/shop/roots_gd/naoya/pr01-thum.jpg,1,2026-09-24,580,40,,,Host2 monthly in-shop rank; listed shop scale; public SNS/popularity match when exact-name verified
帝 世那,FILIA,https://www.host2.jp/shop/filia/index.html,https://www.host2.jp/shop/filia/sena/index.html,https://www.host2.jp/shop/filia/sena/pr01-thum.jpg,1,2026-09-24,580,40,,,Host2 monthly in-shop rank; listed shop scale; public SNS/popularity match when exact-name verified
流川 れおん,Dio,https://www.host2.jp/shop/dio2/index.html,https://www.host2.jp/shop/dio2/reon/index.html,https://www.host2.jp/shop/dio2/reon/pr01-thum.jpg,1,2026-09-24,580,40,,,Host2 monthly in-shop rank; listed shop scale; public SNS/popularity match when exact-name verified
roku,yellow,https://www.host2.jp/shop/yellow01/index.html,https://www.host2.jp/shop/yellow01/roku01/index.html,https://www.host2.jp/shop/yellow01/roku01/pr01-thum.jpg,1,2026-09-24,578,39,,,Host2 monthly in-shop rank; listed shop scale; public SNS/popularity match when exact-name verified
あひるの空,ALLSTAR -本店-,https://www.host2.jp/shop/allstar/index.html,https://www.host2.jp/shop/allstar/sora/index.html,https://www.host2.jp/shop/allstar/sora/pr01-thum.jpg,1,2026-09-24,578,39,,,Host2 monthly in-shop rank; listed shop scale; public SNS/popularity match when exact-name verified
かーいーだよー,DREAM本店,https://www.host2.jp/shop/dreamgd/index.html,https://www.host2.jp/shop/dreamgd/kaidayo/index.html,https://www.host2.jp/shop/dreamgd/kaidayo/pr01-thum.jpg,1,2026-09-24,578,39,,,Host2 monthly in-shop rank; listed shop scale; public SNS/popularity match when exact-name verified
壱馬,P'CE UMEDA,https://www.host2.jp/shop/pceumeda/index.html,https://www.host2.jp/shop/pceumeda/kazuma/index.html,https://www.host2.jp/shop/pceumeda/kazuma/pr01-thum.jpg,1,2026-09-24,578,39,,,Host2 monthly in-shop rank; listed shop scale; public SNS/popularity match when exact-name verified
岳,TOP DANDY JUICE,https://www.host2.jp/shop/topdandy_juice/index.html,https://www.host2.jp/shop/topdandy_juice/gaku/index.html,https://www.host2.jp/shop/topdandy_juice/gaku/pr01-thum.jpg,1,2026-09-24,578,39,,,Host2 monthly in-shop rank; listed shop scale; public SNS/popularity match when exact-name verified
志龍エイト,ACQUA FUKUOKA,https://www.host2.jp/shop/acquafukuoka/index.html,https://www.host2.jp/shop/acquafukuoka/eito/index.html,https://www.host2.jp/shop/acquafukuoka/eito/pr01-thum.jpg,1,2026-09-24,578,39,,,Host2 monthly in-shop rank; listed shop scale; public SNS/popularity match when exact-name verified
波旬,Destiny -acro-,https://www.host2.jp/shop/acro/index.html,https://www.host2.jp/shop/acro/hajun/index.html,https://www.host2.jp/shop/acro/hajun/pr01-thum.jpg,1,2026-09-24,578,39,,,Host2 monthly in-shop rank; listed shop scale; public SNS/popularity match when exact-name verified
範馬玲王,PARADISE,https://www.host2.jp/shop/paradise/index.html,https://www.host2.jp/shop/paradise/reo/index.html,https://www.host2.jp/shop/paradise/reo/pr01-thum.jpg,1,2026-09-24,578,39,,,Host2 monthly in-shop rank; listed shop scale; public SNS/popularity match when exact-name verified
綺冴凛 優翔,A-TOP -MONSTAR-,https://www.host2.jp/shop/a-top/index.html,https://www.host2.jp/shop/a-top/yuto/index.html,https://www.host2.jp/shop/a-top/yuto/pr01-thum.jpg,1,2026-09-24,578,39,,,Host2 monthly in-shop rank; listed shop scale; public SNS/popularity match when exact-name verified
華宮 慧,ATTRA,https://www.host2.jp/shop/attra/index.html,https://www.host2.jp/shop/attra/kei/index.html,https://www.host2.jp/shop/attra/kei/pr01-thum.jpg,1,2026-09-24,578,39,,,Host2 monthly in-shop rank; listed shop scale; public SNS/popularity match when exact-name verified
齋藤 一,BREAK -OMIYA group dandy-,https://www.host2.jp/shop/break2/index.html,https://www.host2.jp/shop/break2/panpukun/index.html,https://www.host2.jp/shop/break2/panpukun/pr01-thum.jpg,1,2026-09-24,578,39,,,Host2 monthly in-shop rank; listed shop scale; public SNS/popularity match when exact-name verified
きらら,BC REBORN REBOOT -REBORN-,https://www.host2.jp/shop/bcreboot/index.html,https://www.host2.jp/shop/bcreboot/kirara/index.html,https://www.host2.jp/shop/bcreboot/kirara/pr01-thum.jpg,1,2026-09-24,576,38,,,Host2 monthly in-shop rank; listed shop scale; public SNS/popularity match when exact-name verified
ゆいと,CIEL,https://www.host2.jp/shop/ciel/index.html,https://www.host2.jp/shop/ciel/yuito/index.html,https://www.host2.jp/shop/ciel/yuito/pr01-thum.jpg,1,2026-09-24,576,38,,,Host2 monthly in-shop rank; listed shop scale; public SNS/popularity match when exact-name verified
りーくん,LEX,https://www.host2.jp/shop/lex_gd/index.html,https://www.host2.jp/shop/lex_gd/rikun/index.html,https://www.host2.jp/shop/lex_gd/rikun/pr01-thum.jpg,1,2026-09-24,576,38,,,Host2 monthly in-shop rank; listed shop scale; public SNS/popularity match when exact-name verified
九条 蓮,COLORS PLATINUM,https://www.host2.jp/shop/colorsplatinam/index.html,https://www.host2.jp/shop/colorsplatinam/ren2/index.html,https://www.host2.jp/shop/colorsplatinam/ren2/pr01-thum.jpg,1,2026-09-24,576,38,,,Host2 monthly in-shop rank; listed shop scale; public SNS/popularity match when exact-name verified
夜風冬夜,B.T.S  -HONTEN-,https://www.host2.jp/shop/bts02/index.html,https://www.host2.jp/shop/bts02/toya/index.html,https://www.host2.jp/shop/bts02/toya/pr01-thum.jpg,1,2026-09-24,576,38,,,Host2 monthly in-shop rank; listed shop scale; public SNS/popularity match when exact-name verified
天音恋愛,UNITED Dear's -本店-,https://www.host2.jp/shop/uniteddears/index.html,https://www.host2.jp/shop/uniteddears/rea/index.html,https://www.host2.jp/shop/uniteddears/rea/pr01-thum.jpg,1,2026-09-24,576,38,,,Host2 monthly in-shop rank; listed shop scale; public SNS/popularity match when exact-name verified
晴人,AUB,https://www.host2.jp/shop/aub/index.html,https://www.host2.jp/shop/aub/haruto02/index.html,https://www.host2.jp/shop/aub/haruto02/pr01-thum.jpg,1,2026-09-24,576,38,,,Host2 monthly in-shop rank; listed shop scale; public SNS/popularity match when exact-name verified
渋谷 凰,SINCE YOU...α,https://www.host2.jp/shop/sinceyoua/index.html,https://www.host2.jp/shop/sinceyoua/otori/index.html,https://www.host2.jp/shop/sinceyoua/otori/pr01-thum.jpg,1,2026-09-24,576,38,,,Host2 monthly in-shop rank; listed shop scale; public SNS/popularity match when exact-name verified
煌月 渉,No.9 by ACQUA,https://www.host2.jp/shop/no9/index.html,https://www.host2.jp/shop/no9/wataru01/index.html,https://www.host2.jp/shop/no9/wataru01/pr01-thum.jpg,1,2026-09-24,576,38,,,Host2 monthly in-shop rank; listed shop scale; public SNS/popularity match when exact-name verified
黒白メイ,GENTLY TOKYO,https://www.host2.jp/shop/gentlytokyo/index.html,https://www.host2.jp/shop/gentlytokyo/mei01/index.html,https://www.host2.jp/shop/gentlytokyo/mei01/pr01-thum.jpg,1,2026-09-24,576,38,,,Host2 monthly in-shop rank; listed shop scale; public SNS/popularity match when exact-name verified
REN,GMC,https://www.host2.jp/shop/gmc/index.html,https://www.host2.jp/shop/gmc/ren/index.html,https://www.host2.jp/shop/gmc/ren/pr01-thum.jpg,1,2026-09-24,574,37,,,Host2 monthly in-shop rank; listed shop scale; public SNS/popularity match when exact-name verified
あき,NEO PLUS,https://www.host2.jp/shop/neoplus/index.html,https://www.host2.jp/shop/neoplus/aki/index.html,https://www.host2.jp/shop/neoplus/aki/pr01-thum.jpg,1,2026-09-24,574,37,,,Host2 monthly in-shop rank; listed shop scale; public SNS/popularity match when exact-name verified
いより,CRYSTAL,https://www.host2.jp/shop/crystal02/index.html,https://www.host2.jp/shop/crystal02/iyori/index.html,https://www.host2.jp/shop/crystal02/iyori/pr01-thum.jpg,1,2026-09-24,574,37,,,Host2 monthly in-shop rank; listed shop scale; public SNS/popularity match when exact-name verified
れいな,Beat Crush -ZERO-,https://www.host2.jp/shop/bczero/index.html,https://www.host2.jp/shop/bczero/reina/index.html,https://www.host2.jp/shop/bczero/reina/pr01-thum.jpg,1,2026-09-24,574,37,,,Host2 monthly in-shop rank; listed shop scale; public SNS/popularity match when exact-name verified
アレン,CANDYS HEAVEN,https://www.host2.jp/shop/heaven_gd/index.html,https://www.host2.jp/shop/heaven_gd/aren/index.html,https://www.host2.jp/shop/heaven_gd/aren/pr01-thum.jpg,1,2026-09-24,574,37,,,Host2 monthly in-shop rank; listed shop scale; public SNS/popularity match when exact-name verified
ディエゴ,DEAR'S ACE,https://www.host2.jp/shop/dearsaces01/index.html,https://www.host2.jp/shop/dearsaces01/dhiego/index.html,https://www.host2.jp/shop/dearsaces01/dhiego/pr01-thum.jpg,1,2026-09-24,574,37,,,Host2 monthly in-shop rank; listed shop scale; public SNS/popularity match when exact-name verified
ハウル,BLACK GOLD ,https://www.host2.jp/shop/blackgoldvivid/index.html,https://www.host2.jp/shop/blackgoldvivid/hauru/index.html,https://www.host2.jp/shop/blackgoldvivid/hauru/pr01-thum.jpg,1,2026-09-24,574,37,,,Host2 monthly in-shop rank; listed shop scale; public SNS/popularity match when exact-name verified
凜成,APiTS,https://www.host2.jp/shop/apits/index.html,https://www.host2.jp/shop/apits/rinsei/index.html,https://www.host2.jp/shop/apits/rinsei/pr01-thum.jpg,1,2026-09-24,574,37,,,Host2 monthly in-shop rank; listed shop scale; public SNS/popularity match when exact-name verified
帝リキヤ,AVALON,https://www.host2.jp/shop/avalon01/index.html,https://www.host2.jp/shop/avalon01/rikiya/index.html,https://www.host2.jp/shop/avalon01/rikiya/pr01-thum.jpg,1,2026-09-24,574,37,,,Host2 monthly in-shop rank; listed shop scale; public SNS/popularity match when exact-name verified
愛瀬 恋,COLORS YOKOHAMA,https://www.host2.jp/shop/colorsyokohama/index.html,https://www.host2.jp/shop/colorsyokohama/ren00/index.html,https://www.host2.jp/shop/colorsyokohama/ren00/pr01-thum.jpg,1,2026-09-24,574,37,,,Host2 monthly in-shop rank; listed shop scale; public SNS/popularity match when exact-name verified
皇 要,FANCY,https://www.host2.jp/shop/fancy/index.html,https://www.host2.jp/shop/fancy/kaname/index.html,https://www.host2.jp/shop/fancy/kaname/pr01-thum.jpg,1,2026-09-24,574,37,,,Host2 monthly in-shop rank; listed shop scale; public SNS/popularity match when exact-name verified
雅,ROGERS King's -1st-,https://www.host2.jp/shop/rogers/index.html,https://www.host2.jp/shop/rogers/miyabi/index.html,https://www.host2.jp/shop/rogers/miyabi/pr01-thum.jpg,1,2026-09-24,574,37,,,Host2 monthly in-shop rank; listed shop scale; public SNS/popularity match when exact-name verified
黒崎 剛,RESISTANCE,https://www.host2.jp/shop/resistance/index.html,https://www.host2.jp/shop/resistance/go/index.html,https://www.host2.jp/shop/resistance/go/pr01-thum.jpg,1,2026-09-24,574,37,,,Host2 monthly in-shop rank; listed shop scale; public SNS/popularity match when exact-name verified
SHOZO,LIPS,https://www.host2.jp/shop/lips/index.html,https://www.host2.jp/shop/lips/shozo/index.html,https://www.host2.jp/shop/lips/shozo/pr01-thum.jpg,1,2026-09-24,572,36,,,Host2 monthly in-shop rank; listed shop scale; public SNS/popularity match when exact-name verified
アラン,ROMANCE,https://www.host2.jp/shop/romance1/index.html,https://www.host2.jp/shop/romance1/aran/index.html,https://www.host2.jp/shop/romance1/aran/pr01-thum.jpg,1,2026-09-24,572,36,,,Host2 monthly in-shop rank; listed shop scale; public SNS/popularity match when exact-name verified
一ノ瀬 流輝,Dear's大阪,https://www.host2.jp/shop/dearsosaka/index.html,https://www.host2.jp/shop/dearsosaka/ruka/index.html,https://www.host2.jp/shop/dearsosaka/ruka/pr01-thum.jpg,1,2026-09-24,572,36,,,Host2 monthly in-shop rank; listed shop scale; public SNS/popularity match when exact-name verified
午後レイジ,FioRe,https://www.host2.jp/shop/fiore01/index.html,https://www.host2.jp/shop/fiore01/reiji/index.html,https://www.host2.jp/shop/fiore01/reiji/pr01-thum.jpg,1,2026-09-24,572,36,,,Host2 monthly in-shop rank; listed shop scale; public SNS/popularity match when exact-name verified
反逆の空,SIX TOKYO -HONTEN-,https://www.host2.jp/shop/sixtokyo2/index.html,https://www.host2.jp/shop/sixtokyo2/sora/index.html,https://www.host2.jp/shop/sixtokyo2/sora/pr01-thum.jpg,1,2026-09-24,572,36,,,Host2 monthly in-shop rank; listed shop scale; public SNS/popularity match when exact-name verified
大夢,TRIDENT,https://www.host2.jp/shop/trident/index.html,https://www.host2.jp/shop/trident/hiromu/index.html,https://www.host2.jp/shop/trident/hiromu/pr01-thum.jpg,1,2026-09-24,572,36,,,Host2 monthly in-shop rank; listed shop scale; public SNS/popularity match when exact-name verified
志垣 翔,AWAKE,https://www.host2.jp/shop/awake/index.html,https://www.host2.jp/shop/awake/guriko/index.html,https://www.host2.jp/shop/awake/guriko/pr01-thum.jpg,1,2026-09-24,572,36,,,Host2 monthly in-shop rank; listed shop scale; public SNS/popularity match when exact-name verified
恵助,COLORS神奈川,https://www.host2.jp/shop/colorsk/index.html,https://www.host2.jp/shop/colorsk/keisuke/index.html,https://www.host2.jp/shop/colorsk/keisuke/pr01-thum.jpg,1,2026-09-24,572,36,,,Host2 monthly in-shop rank; listed shop scale; public SNS/popularity match when exact-name verified
日高瑠依,YOUTH,https://www.host2.jp/shop/youth__/index.html,https://www.host2.jp/shop/youth__/rui01/index.html,https://www.host2.jp/shop/youth__/rui01/pr01-thum.jpg,1,2026-09-24,572,36,,,Host2 monthly in-shop rank; listed shop scale; public SNS/popularity match when exact-name verified
淳,愛本店,https://www.host2.jp/shop/aihonten/index.html,https://www.host2.jp/shop/aihonten/atsushi/index.html,https://www.host2.jp/shop/aihonten/atsushi/pr01-thum.jpg,1,2026-09-24,572,36,,,Host2 monthly in-shop rank; listed shop scale; public SNS/popularity match when exact-name verified
美咲ユウ,LALA,https://www.host2.jp/shop/lala/index.html,https://www.host2.jp/shop/lala/yu01/index.html,https://www.host2.jp/shop/lala/yu01/pr01-thum.jpg,1,2026-09-24,572,36,,,Host2 monthly in-shop rank; listed shop scale; public SNS/popularity match when exact-name verified
AOYAMA GAKU,KIRAMEKI,https://www.host2.jp/shop/kirameki/index.html,https://www.host2.jp/shop/kirameki/gaku/index.html,https://www.host2.jp/shop/kirameki/gaku/pr01-thum.jpg,1,2026-09-24,570,35,,,Host2 monthly in-shop rank; listed shop scale; public SNS/popularity match when exact-name verified
あすい るる,Lilian,https://www.host2.jp/shop/lilian/index.html,https://www.host2.jp/shop/lilian/ruru/index.html,https://www.host2.jp/shop/lilian/ruru/pr01-thum.jpg,1,2026-09-24,570,35,,,Host2 monthly in-shop rank; listed shop scale; public SNS/popularity match when exact-name verified
優生,THE RICHARD,https://www.host2.jp/shop/richard/index.html,https://www.host2.jp/shop/richard/yui/index.html,https://www.host2.jp/shop/richard/yui/pr01-thum.jpg,1,2026-09-24,570,35,,,Host2 monthly in-shop rank; listed shop scale; public SNS/popularity match when exact-name verified
徳川流一,THE CLUB -本店-,https://www.host2.jp/shop/theclub2/index.html,https://www.host2.jp/shop/theclub2/ryuichi/index.html,https://www.host2.jp/shop/theclub2/ryuichi/pr01-thum.jpg,1,2026-09-24,570,35,,,Host2 monthly in-shop rank; listed shop scale; public SNS/popularity match when exact-name verified
海瞳優真,Luminous,https://www.host2.jp/shop/luminous/index.html,https://www.host2.jp/shop/luminous/yuma/index.html,https://www.host2.jp/shop/luminous/yuma/pr01-thum.jpg,1,2026-09-24,570,35,,,Host2 monthly in-shop rank; listed shop scale; public SNS/popularity match when exact-name verified
湊音かをる,Dear's CROWN,https://www.host2.jp/shop/dearscrown/index.html,https://www.host2.jp/shop/dearscrown/minato/index.html,https://www.host2.jp/shop/dearscrown/minato/pr01-thum.jpg,1,2026-09-24,570,35,,,Host2 monthly in-shop rank; listed shop scale; public SNS/popularity match when exact-name verified
V,AXEL by ACQUA,https://www.host2.jp/shop/axel/index.html,https://www.host2.jp/shop/axel/v/index.html,https://www.host2.jp/shop/axel/v/pr01-thum.jpg,1,2026-09-24,568,34,,,Host2 monthly in-shop rank; listed shop scale; public SNS/popularity match when exact-name verified
すーぱーにゃんにゃん(たろ),Celeste -OSAKA-,https://www.host2.jp/shop/celeste_osaka/index.html,https://www.host2.jp/shop/celeste_osaka/taro00/index.html,https://www.host2.jp/shop/celeste_osaka/taro00/pr01-thum.jpg,1,2026-09-24,568,34,,,Host2 monthly in-shop rank; listed shop scale; public SNS/popularity match when exact-name verified
とわ,Cruise,https://www.host2.jp/shop/cruise/index.html,https://www.host2.jp/shop/cruise/towa2/index.html,https://www.host2.jp/shop/cruise/towa2/pr01-thum.jpg,1,2026-09-24,568,34,,,Host2 monthly in-shop rank; listed shop scale; public SNS/popularity match when exact-name verified
凪 海斗,ACQUA,https://www.host2.jp/shop/acqua/index.html,https://www.host2.jp/shop/acqua/nagi04/index.html,https://www.host2.jp/shop/acqua/nagi04/pr01-thum.jpg,1,2026-09-24,568,34,,,Host2 monthly in-shop rank; listed shop scale; public SNS/popularity match when exact-name verified
天使かいと,GRAN -TOKYO-,https://www.host2.jp/shop/gran4/index.html,https://www.host2.jp/shop/gran4/kaito/index.html,https://www.host2.jp/shop/gran4/kaito/pr01-thum.jpg,1,2026-09-24,568,34,,,Host2 monthly in-shop rank; listed shop scale; public SNS/popularity match when exact-name verified
如月星夜,Real,https://www.host2.jp/shop/real_ehime/index.html,https://www.host2.jp/shop/real_ehime/seiya/index.html,https://www.host2.jp/shop/real_ehime/seiya/pr01-thum.jpg,1,2026-09-24,568,34,,,Host2 monthly in-shop rank; listed shop scale; public SNS/popularity match when exact-name verified
空条咲希,JEALOUS,https://www.host2.jp/shop/jealous/index.html,https://www.host2.jp/shop/jealous/saki2/index.html,https://www.host2.jp/shop/jealous/saki2/pr01-thum.jpg,1,2026-09-24,568,34,,,Host2 monthly in-shop rank; listed shop scale; public SNS/popularity match when exact-name verified
轟メルト,CENTURY TOKYO,https://www.host2.jp/shop/century02/index.html,https://www.host2.jp/shop/century02/merusedesu/index.html,https://www.host2.jp/shop/century02/merusedesu/pr01-thum.jpg,1,2026-09-24,568,34,,,Host2 monthly in-shop rank; listed shop scale; public SNS/popularity match when exact-name verified
零王,CODE,https://www.host2.jp/shop/code/index.html,https://www.host2.jp/shop/code/reo1/index.html,https://www.host2.jp/shop/code/reo1/pr01-thum.jpg,1,2026-09-24,568,34,,,Host2 monthly in-shop rank; listed shop scale; public SNS/popularity match when exact-name verified
Suguru,アンフェア,https://www.host2.jp/shop/fairbet/index.html,https://www.host2.jp/shop/fairbet/suguru/index.html,https://www.host2.jp/shop/fairbet/suguru/pr01-thum.jpg,1,2026-09-24,566,33,,,Host2 monthly in-shop rank; listed shop scale; public SNS/popularity match when exact-name verified
ヒル舞 優真,GENTLY,https://www.host2.jp/shop/gently_osaka/index.html,https://www.host2.jp/shop/gently_osaka/yuma2/index.html,https://www.host2.jp/shop/gently_osaka/yuma2/pr01-thum.jpg,1,2026-09-24,566,33,,,Host2 monthly in-shop rank; listed shop scale; public SNS/popularity match when exact-name verified
中村 有,Drop,https://www.host2.jp/shop/drop/index.html,https://www.host2.jp/shop/drop/yu02/index.html,https://www.host2.jp/shop/drop/yu02/pr01-thum.jpg,1,2026-09-24,566,33,,,Host2 monthly in-shop rank; listed shop scale; public SNS/popularity match when exact-name verified
悠,Dear's sapporo,https://www.host2.jp/shop/dearssapporo/index.html,https://www.host2.jp/shop/dearssapporo/yu/index.html,https://www.host2.jp/shop/dearssapporo/yu/pr01-thum.jpg,1,2026-09-24,566,33,,,Host2 monthly in-shop rank; listed shop scale; public SNS/popularity match when exact-name verified
直樹,Men's & Queen,https://www.host2.jp/shop/mensandqueen/index.html,https://www.host2.jp/shop/mensandqueen/naoki01/index.html,https://www.host2.jp/shop/mensandqueen/naoki01/pr01-thum.jpg,1,2026-09-24,566,33,,,Host2 monthly in-shop rank; listed shop scale; public SNS/popularity match when exact-name verified
道明寺 翔,MINERVA FUKUOKA,https://www.host2.jp/shop/minervafukuoka/index.html,https://www.host2.jp/shop/minervafukuoka/sho00/index.html,https://www.host2.jp/shop/minervafukuoka/sho00/pr01-thum.jpg,1,2026-09-24,566,33,,,Host2 monthly in-shop rank; listed shop scale; public SNS/popularity match when exact-name verified
遥 彼方,youth nagoya -本店-,https://www.host2.jp/shop/youth_nagoya/index.html,https://www.host2.jp/shop/youth_nagoya/kanata/index.html,https://www.host2.jp/shop/youth_nagoya/kanata/pr01-thum.jpg,1,2026-09-24,566,33,,,Host2 monthly in-shop rank; listed shop scale; public SNS/popularity match when exact-name verified
A-E-G,RAISE,https://www.host2.jp/shop/raise01/index.html,https://www.host2.jp/shop/raise01/eiji/index.html,https://www.host2.jp/shop/raise01/eiji/pr01-thum.jpg,1,2026-09-24,564,32,,,Host2 monthly in-shop rank; listed shop scale; public SNS/popularity match when exact-name verified
七星 蒼,BABY,https://www.host2.jp/shop/baby/index.html,https://www.host2.jp/shop/baby/aoi/index.html,https://www.host2.jp/shop/baby/aoi/pr01-thum.jpg,1,2026-09-24,564,32,,,Host2 monthly in-shop rank; listed shop scale; public SNS/popularity match when exact-name verified
如月 嵐,CIPHER,https://www.host2.jp/shop/cipher/index.html,https://www.host2.jp/shop/cipher/ran/index.html,https://www.host2.jp/shop/cipher/ran/pr01-thum.jpg,1,2026-09-24,564,32,,,Host2 monthly in-shop rank; listed shop scale; public SNS/popularity match when exact-name verified
希空,STORIA,https://www.host2.jp/shop/storia/index.html,https://www.host2.jp/shop/storia/noa/index.html,https://www.host2.jp/shop/storia/noa/pr01-thum.jpg,1,2026-09-24,564,32,,,Host2 monthly in-shop rank; listed shop scale; public SNS/popularity match when exact-name verified
愛恋,ALF,https://www.host2.jp/shop/alf/index.html,https://www.host2.jp/shop/alf/aren02/index.html,https://www.host2.jp/shop/alf/aren02/pr01-thum.jpg,1,2026-09-24,564,32,,,Host2 monthly in-shop rank; listed shop scale; public SNS/popularity match when exact-name verified
玄野 計,TOP DANDY vivid,https://www.host2.jp/shop/topdandyvivid/index.html,https://www.host2.jp/shop/topdandyvivid/kuro/index.html,https://www.host2.jp/shop/topdandyvivid/kuro/pr01-thum.jpg,1,2026-09-24,564,32,,,Host2 monthly in-shop rank; listed shop scale; public SNS/popularity match when exact-name verified
黒瀬 萊,Mode.,https://www.host2.jp/shop/mode/index.html,https://www.host2.jp/shop/mode/rai/index.html,https://www.host2.jp/shop/mode/rai/pr01-thum.jpg,1,2026-09-24,564,32,,,Host2 monthly in-shop rank; listed shop scale; public SNS/popularity match when exact-name verified
UTA,GRAND FES -by HAREM-,https://www.host2.jp/shop/grandfes/index.html,https://www.host2.jp/shop/grandfes/uta/index.html,https://www.host2.jp/shop/grandfes/uta/pr01-thum.jpg,1,2026-09-24,562,31,,,Host2 monthly in-shop rank; listed shop scale; public SNS/popularity match when exact-name verified
こゆき,IRIS,https://www.host2.jp/shop/iris_kanazawa/index.html,https://www.host2.jp/shop/iris_kanazawa/koyuki/index.html,https://www.host2.jp/shop/iris_kanazawa/koyuki/pr01-thum.jpg,1,2026-09-24,562,31,,,Host2 monthly in-shop rank; listed shop scale; public SNS/popularity match when exact-name verified
ジロウ,MARIA,https://www.host2.jp/shop/maria1/index.html,https://www.host2.jp/shop/maria1/jiro/index.html,https://www.host2.jp/shop/maria1/jiro/pr01-thum.jpg,1,2026-09-24,562,31,,,Host2 monthly in-shop rank; listed shop scale; public SNS/popularity match when exact-name verified
ユウキ,Avid,https://www.host2.jp/shop/avid/index.html,https://www.host2.jp/shop/avid/yuki2/index.html,https://www.host2.jp/shop/avid/yuki2/pr01-thum.jpg,1,2026-09-24,562,31,,,Host2 monthly in-shop rank; listed shop scale; public SNS/popularity match when exact-name verified
一條レイヤ,HANG OVER,https://www.host2.jp/shop/hangover/index.html,https://www.host2.jp/shop/hangover/reiya/index.html,https://www.host2.jp/shop/hangover/reiya/pr01-thum.jpg,1,2026-09-24,562,31,,,Host2 monthly in-shop rank; listed shop scale; public SNS/popularity match when exact-name verified
亜結人,ALL,https://www.host2.jp/shop/all_okayama/index.html,https://www.host2.jp/shop/all_okayama/ayuto/index.html,https://www.host2.jp/shop/all_okayama/ayuto/pr01-thum.jpg,1,2026-09-24,562,31,,,Host2 monthly in-shop rank; listed shop scale; public SNS/popularity match when exact-name verified
平野ルカ,GOLD,https://www.host2.jp/shop/gold/index.html,https://www.host2.jp/shop/gold/ruka01/index.html,https://www.host2.jp/shop/gold/ruka01/pr01-thum.jpg,1,2026-09-24,562,31,,,Host2 monthly in-shop rank; listed shop scale; public SNS/popularity match when exact-name verified
月陽星那,Ace,https://www.host2.jp/shop/acesapporo/index.html,https://www.host2.jp/shop/acesapporo/sena/index.html,https://www.host2.jp/img/com/staff_pr.jpg,1,2026-09-24,562,31,,,Host2 monthly in-shop rank; listed shop scale; public SNS/popularity match when exact-name verified
桜木ハル,ALL NOTORIOUS,https://www.host2.jp/shop/allnotorious/index.html,https://www.host2.jp/shop/allnotorious/haru2/index.html,https://www.host2.jp/shop/allnotorious/haru2/pr01-thum.jpg,1,2026-09-24,562,31,,,Host2 monthly in-shop rank; listed shop scale; public SNS/popularity match when exact-name verified
水咲空夜,VOCE,https://www.host2.jp/shop/voce/index.html,https://www.host2.jp/shop/voce/ryuya/index.html,https://www.host2.jp/shop/voce/ryuya/pr01-thum.jpg,1,2026-09-24,562,31,,,Host2 monthly in-shop rank; listed shop scale; public SNS/popularity match when exact-name verified
綺咲水輝,VALENCIA,https://www.host2.jp/shop/valencia/index.html,https://www.host2.jp/shop/valencia/mizuki/index.html,https://www.host2.jp/shop/valencia/mizuki/pr01-thum.jpg,1,2026-09-24,562,31,,,Host2 monthly in-shop rank; listed shop scale; public SNS/popularity match when exact-name verified
緋音モモ,JEANBART,https://www.host2.jp/shop/jeanbart1st/index.html,https://www.host2.jp/shop/jeanbart1st/momo/index.html,https://www.host2.jp/shop/jeanbart1st/momo/pr01-thum.jpg,1,2026-09-24,562,31,,,Host2 monthly in-shop rank; listed shop scale; public SNS/popularity match when exact-name verified
花の海,AIR -SAPPORO-,https://www.host2.jp/shop/air_sapporo/index.html,https://www.host2.jp/shop/air_sapporo/kaier/index.html,https://www.host2.jp/shop/air_sapporo/kaier/pr01-thum.jpg,1,2026-09-24,562,31,,,Host2 monthly in-shop rank; listed shop scale; public SNS/popularity match when exact-name verified
蒼汰,Re:Act,https://www.host2.jp/shop/react/index.html,https://www.host2.jp/shop/react/sota2/index.html,https://www.host2.jp/shop/react/sota2/pr01-thum.jpg,1,2026-09-24,562,31,,,Host2 monthly in-shop rank; listed shop scale; public SNS/popularity match when exact-name verified
輝咲冬真,BEAST,https://www.host2.jp/shop/beast/index.html,https://www.host2.jp/shop/beast/toma/index.html,https://www.host2.jp/shop/beast/toma/pr01-thum.jpg,1,2026-09-24,562,31,,,Host2 monthly in-shop rank; listed shop scale; public SNS/popularity match when exact-name verified
輝美玲人,QUEENS OSAKA,https://www.host2.jp/shop/queensosaka/index.html,https://www.host2.jp/shop/queensosaka/reito000/index.html,https://www.host2.jp/shop/queensosaka/reito000/pr01-thum.jpg,1,2026-09-24,562,31,,,Host2 monthly in-shop rank; listed shop scale; public SNS/popularity match when exact-name verified
銀次郎,NEVERLAND,https://www.host2.jp/shop/neverland/index.html,https://www.host2.jp/shop/neverland/ginziro/index.html,https://www.host2.jp/shop/neverland/ginziro/pr01-thum.jpg,1,2026-09-24,562,31,,,Host2 monthly in-shop rank; listed shop scale; public SNS/popularity match when exact-name verified
雪宮 椿,Glow,https://www.host2.jp/shop/glow01/index.html,https://www.host2.jp/shop/glow01/tsubaki/index.html,https://www.host2.jp/shop/glow01/tsubaki/pr01-thum.jpg,1,2026-09-24,562,31,,,Host2 monthly in-shop rank; listed shop scale; public SNS/popularity match when exact-name verified
鳳 潤夜,Lovereath,https://www.host2.jp/shop/lovereath/index.html,https://www.host2.jp/shop/lovereath/junya/index.html,https://www.host2.jp/shop/lovereath/junya/pr01-thum.jpg,1,2026-09-24,562,31,,,Host2 monthly in-shop rank; listed shop scale; public SNS/popularity match when exact-name verified
りょう,Ruby,https://www.host2.jp/shop/ruby01/index.html,https://www.host2.jp/shop/ruby01/ryo/index.html,https://www.host2.jp/shop/ruby01/ryo/pr01-thum.jpg,1,2026-09-24,560,30,,,Host2 monthly in-shop rank; listed shop scale; public SNS/popularity match when exact-name verified
マオ。,No.9 SAPPORO by ACQUA,https://www.host2.jp/shop/no9_sapporo/index.html,https://www.host2.jp/shop/no9_sapporo/mao/index.html,https://www.host2.jp/shop/no9_sapporo/mao/pr01-thum.jpg,1,2026-09-24,560,30,,,Host2 monthly in-shop rank; listed shop scale; public SNS/popularity match when exact-name verified
一ノ瀬 紘人,ETERNAL STAR -groupdandy-,https://www.host2.jp/shop/eternalstar/index.html,https://www.host2.jp/shop/eternalstar/hiroto/index.html,https://www.host2.jp/shop/eternalstar/hiroto/pr01-thum.jpg,1,2026-09-24,560,30,,,Host2 monthly in-shop rank; listed shop scale; public SNS/popularity match when exact-name verified
夜桜 春,JEANNE D'ARC,https://www.host2.jp/shop/jeannedarc01/index.html,https://www.host2.jp/shop/jeannedarc01/haru/index.html,https://www.host2.jp/shop/jeannedarc01/haru/pr01-thum.jpg,1,2026-09-24,560,30,,,Host2 monthly in-shop rank; listed shop scale; public SNS/popularity match when exact-name verified
如月 翔,NEXT -HAREM-,https://www.host2.jp/shop/nextharem/index.html,https://www.host2.jp/shop/nextharem/sho/index.html,https://www.host2.jp/shop/nextharem/sho/pr01-thum.jpg,1,2026-09-24,560,30,,,Host2 monthly in-shop rank; listed shop scale; public SNS/popularity match when exact-name verified
妃咲叶桜,ESPRINCE,https://www.host2.jp/shop/ESPRINCE/index.html,https://www.host2.jp/shop/ESPRINCE/kanon/index.html,https://www.host2.jp/shop/ESPRINCE/kanon/pr01-thum.jpg,1,2026-09-24,560,30,,,Host2 monthly in-shop rank; listed shop scale; public SNS/popularity match when exact-name verified
小宇宙DAIGO,Vi-Lay,https://www.host2.jp/shop/vilay/index.html,https://www.host2.jp/shop/vilay/daigo/index.html,https://www.host2.jp/shop/vilay/daigo/pr01-thum.jpg,1,2026-09-24,560,30,,,Host2 monthly in-shop rank; listed shop scale; public SNS/popularity match when exact-name verified
春希,CINDERELLA GROUP -本店-,https://www.host2.jp/shop/cinderellagrouphonten/index.html,https://www.host2.jp/shop/cinderellagrouphonten/haruki1/index.html,https://www.host2.jp/shop/cinderellagrouphonten/haruki1/pr01-thum.jpg,1,2026-09-24,560,30,,,Host2 monthly in-shop rank; listed shop scale; public SNS/popularity match when exact-name verified
桜木真司,AVENGERS ZERO,https://www.host2.jp/shop/avengers_zero/index.html,https://www.host2.jp/shop/avengers_zero/shinji/index.html,https://www.host2.jp/shop/avengers_zero/shinji/pr01-thum.jpg,1,2026-09-24,560,30,,,Host2 monthly in-shop rank; listed shop scale; public SNS/popularity match when exact-name verified
水咲 天,FUYUTSUKI -Duo-,https://www.host2.jp/shop/dezonduo/index.html,https://www.host2.jp/shop/dezonduo/ten02/index.html,https://www.host2.jp/shop/dezonduo/ten02/pr01-thum.jpg,1,2026-09-24,560,30,,,Host2 monthly in-shop rank; listed shop scale; public SNS/popularity match when exact-name verified
流川りおん,S PIDA,https://www.host2.jp/shop/spida/index.html,https://www.host2.jp/shop/spida/rion/index.html,https://www.host2.jp/shop/spida/rion/pr01-thum.jpg,1,2026-09-24,560,30,,,Host2 monthly in-shop rank; listed shop scale; public SNS/popularity match when exact-name verified
玄,ARK OCEAN,https://www.host2.jp/shop/arkocean/index.html,https://www.host2.jp/shop/arkocean/gen/index.html,https://www.host2.jp/shop/arkocean/gen/pr01-thum.jpg,1,2026-09-24,560,30,,,Host2 monthly in-shop rank; listed shop scale; public SNS/popularity match when exact-name verified
百瀬威吹,EMPEROR,https://www.host2.jp/shop/emperor/index.html,https://www.host2.jp/shop/emperor/ibuki/index.html,https://www.host2.jp/shop/emperor/ibuki/pr01-thum.jpg,1,2026-09-24,560,30,,,Host2 monthly in-shop rank; listed shop scale; public SNS/popularity match when exact-name verified
神楽水 雷輝,Dewor,https://www.host2.jp/shop/dewor/index.html,https://www.host2.jp/shop/dewor/raiki/index.html,https://www.host2.jp/shop/dewor/raiki/pr01-thum.jpg,1,2026-09-24,560,30,,,Host2 monthly in-shop rank; listed shop scale; public SNS/popularity match when exact-name verified
緋咲光聖,RED SAPPORO,https://www.host2.jp/shop/red_sapporo/index.html,https://www.host2.jp/shop/red_sapporo/kosei/index.html,https://www.host2.jp/shop/red_sapporo/kosei/pr01-thum.jpg,1,2026-09-24,560,30,,,Host2 monthly in-shop rank; listed shop scale; public SNS/popularity match when exact-name verified
赤羽エイト,VEAST -ignite-,https://www.host2.jp/shop/veast/index.html,https://www.host2.jp/shop/veast/eito/index.html,https://www.host2.jp/shop/veast/eito/pr01-thum.jpg,1,2026-09-24,560,30,,,Host2 monthly in-shop rank; listed shop scale; public SNS/popularity match when exact-name verified
隼,MAJESTY -NOVA-,https://www.host2.jp/shop/majesty_nova/index.html,https://www.host2.jp/shop/majesty_nova/jun/index.html,https://www.host2.jp/shop/majesty_nova/jun/pr01-thum.jpg,1,2026-09-24,560,30,,,Host2 monthly in-shop rank; listed shop scale; public SNS/popularity match when exact-name verified
ハル,TOP,https://www.host2.jp/shop/top/index.html,https://www.host2.jp/shop/top/haru/index.html,https://www.host2.jp/shop/top/haru/pr01-thum.jpg,1,2026-09-24,558,29,,,Host2 monthly in-shop rank; listed shop scale; public SNS/popularity match when exact-name verified
七瀬 紬,club nika,https://www.host2.jp/shop/nika/index.html,https://www.host2.jp/shop/nika/tsumugi/index.html,https://www.host2.jp/shop/nika/tsumugi/pr01-thum.jpg,1,2026-09-24,558,29,,,Host2 monthly in-shop rank; listed shop scale; public SNS/popularity match when exact-name verified
主人 洸,GENTLY BLACK,https://www.host2.jp/shop/gently_black/index.html,https://www.host2.jp/shop/gently_black/ko/index.html,https://www.host2.jp/shop/gently_black/ko/pr01-thum.jpg,1,2026-09-24,558,29,,,Host2 monthly in-shop rank; listed shop scale; public SNS/popularity match when exact-name verified
冥条 翠,Dear's Lucia,https://www.host2.jp/shop/dearsluciaosaka/index.html,https://www.host2.jp/shop/dearsluciaosaka/sui/index.html,https://www.host2.jp/shop/dearsluciaosaka/sui/pr01-thum.jpg,1,2026-09-24,558,29,,,Host2 monthly in-shop rank; listed shop scale; public SNS/popularity match when exact-name verified
天月鯉伴,COLORS NOIR ,https://www.host2.jp/shop/noircolors/index.html,https://www.host2.jp/shop/noircolors/rihan/index.html,https://www.host2.jp/shop/noircolors/rihan/pr01-thum.jpg,1,2026-09-24,558,29,,,Host2 monthly in-shop rank; listed shop scale; public SNS/popularity match when exact-name verified
天音瑠珂,I am -本店-,https://www.host2.jp/shop/iam/index.html,https://www.host2.jp/shop/iam/ruka2/index.html,https://www.host2.jp/shop/iam/ruka2/pr01-thum.jpg,1,2026-09-24,558,29,,,Host2 monthly in-shop rank; listed shop scale; public SNS/popularity match when exact-name verified
早瀬 翔,Dear's/GENTLY -Dear's沖縄-,https://www.host2.jp/shop/dearsgentlydears/index.html,https://www.host2.jp/shop/dearsgentlydears/sho/index.html,https://www.host2.jp/shop/dearsgentlydears/sho/pr01-thum.jpg,1,2026-09-24,558,29,,,Host2 monthly in-shop rank; listed shop scale; public SNS/popularity match when exact-name verified
来栖胡桃,HAPPY by ACQUA,https://www.host2.jp/shop/happy_by_acqua/index.html,https://www.host2.jp/shop/happy_by_acqua/kurumi/index.html,https://www.host2.jp/shop/happy_by_acqua/kurumi/pr01-thum.jpg,1,2026-09-24,558,29,,,Host2 monthly in-shop rank; listed shop scale; public SNS/popularity match when exact-name verified
美咲湊月,HAWKINS,https://www.host2.jp/shop/hawkins/index.html,https://www.host2.jp/shop/hawkins/mitsuki/index.html,https://www.host2.jp/shop/hawkins/mitsuki/pr01-thum.jpg,1,2026-09-24,558,29,,,Host2 monthly in-shop rank; listed shop scale; public SNS/popularity match when exact-name verified
美堂 聖,AIR DIAMOND,https://www.host2.jp/shop/airdiamond/index.html,https://www.host2.jp/shop/airdiamond/koki/index.html,https://www.host2.jp/shop/airdiamond/koki/pr01-thum.jpg,1,2026-09-24,558,29,,,Host2 monthly in-shop rank; listed shop scale; public SNS/popularity match when exact-name verified
美堂春樹,ARIEL,https://www.host2.jp/shop/arielspring/index.html,https://www.host2.jp/shop/arielspring/haruki/index.html,https://www.host2.jp/shop/arielspring/haruki/pr01-thum.jpg,1,2026-09-24,558,29,,,Host2 monthly in-shop rank; listed shop scale; public SNS/popularity match when exact-name verified
美織,neo universe -REIGN-,https://www.host2.jp/shop/nu_reign/index.html,https://www.host2.jp/shop/nu_reign/miori/index.html,https://www.host2.jp/img/com/staff_pr.jpg,1,2026-09-24,558,29,,,Host2 monthly in-shop rank; listed shop scale; public SNS/popularity match when exact-name verified
芳村愛支,ЯEVIVAL,https://www.host2.jp/shop/revival02/index.html,https://www.host2.jp/shop/revival02/eto/index.html,https://www.host2.jp/shop/revival02/eto/pr01-thum.jpg,1,2026-09-24,558,29,,,Host2 monthly in-shop rank; listed shop scale; public SNS/popularity match when exact-name verified
葵,Nyx,https://www.host2.jp/shop/nyx_k/index.html,https://www.host2.jp/shop/nyx_k/aoi/index.html,https://www.host2.jp/shop/nyx_k/aoi/pr01-thum.jpg,1,2026-09-24,558,29,,,Host2 monthly in-shop rank; listed shop scale; public SNS/popularity match when exact-name verified
Koo,SUITE,https://www.host2.jp/shop/suite/index.html,https://www.host2.jp/shop/suite/koo/index.html,https://www.host2.jp/shop/suite/koo/pr01-thum.jpg,1,2026-09-24,556,28,,,Host2 monthly in-shop rank; listed shop scale; public SNS/popularity match when exact-name verified
S,CENTURY -Men's Lounge-,https://www.host2.jp/shop/century01/index.html,https://www.host2.jp/shop/century01/s/index.html,https://www.host2.jp/img/com/staff_pr.jpg,1,2026-09-24,556,28,,,Host2 monthly in-shop rank; listed shop scale; public SNS/popularity match when exact-name verified
あやと,PARTY,https://www.host2.jp/shop/party2/index.html,https://www.host2.jp/shop/party2/ayato/index.html,https://www.host2.jp/shop/party2/ayato/pr01-thum.jpg,1,2026-09-24,556,28,,,Host2 monthly in-shop rank; listed shop scale; public SNS/popularity match when exact-name verified
せな,Rigel,https://www.host2.jp/shop/rigel/index.html,https://www.host2.jp/shop/rigel/sena/index.html,https://www.host2.jp/shop/rigel/sena/pr01-thum.jpg,1,2026-09-24,556,28,,,Host2 monthly in-shop rank; listed shop scale; public SNS/popularity match when exact-name verified
ゆってぃーまたの名は黒羽蘭舞,Berry,https://www.host2.jp/shop/berry/index.html,https://www.host2.jp/shop/berry/yuttei/index.html,https://www.host2.jp/shop/berry/yuttei/pr01-thum.jpg,1,2026-09-24,556,28,,,Host2 monthly in-shop rank; listed shop scale; public SNS/popularity match when exact-name verified
七星 颯,Dear's BACHELOR,https://www.host2.jp/shop/dearsbachelor/index.html,https://www.host2.jp/shop/dearsbachelor/hayate/index.html,https://www.host2.jp/shop/dearsbachelor/hayate/pr01-thum.jpg,1,2026-09-24,556,28,,,Host2 monthly in-shop rank; listed shop scale; public SNS/popularity match when exact-name verified
凛,LOVELY,https://www.host2.jp/shop/lovely/index.html,https://www.host2.jp/shop/lovely/rin/index.html,https://www.host2.jp/shop/lovely/rin/pr01-thum.jpg,1,2026-09-24,556,28,,,Host2 monthly in-shop rank; listed shop scale; public SNS/popularity match when exact-name verified
凪咲,crown -sapporo-,https://www.host2.jp/shop/crown_sapporo/index.html,https://www.host2.jp/shop/crown_sapporo/nagisa/index.html,https://www.host2.jp/shop/crown_sapporo/nagisa/pr01-thum.jpg,1,2026-09-24,556,28,,,Host2 monthly in-shop rank; listed shop scale; public SNS/popularity match when exact-name verified
天使メイ,GIFT,https://www.host2.jp/shop/gift/index.html,https://www.host2.jp/shop/gift/mei/index.html,https://www.host2.jp/shop/gift/mei/pr01-thum.jpg,1,2026-09-24,556,28,,,Host2 monthly in-shop rank; listed shop scale; public SNS/popularity match when exact-name verified
天羽 翔,Felicia,https://www.host2.jp/shop/felicia/index.html,https://www.host2.jp/shop/felicia/sho/index.html,https://www.host2.jp/shop/felicia/sho/pr01-thum.jpg,1,2026-09-24,556,28,,,Host2 monthly in-shop rank; listed shop scale; public SNS/popularity match when exact-name verified
姫乃 昴,FUYUTSUKI -PURGE-,https://www.host2.jp/shop/purge/index.html,https://www.host2.jp/shop/purge/subaru/index.html,https://www.host2.jp/shop/purge/subaru/pr01-thum.jpg,1,2026-09-24,556,28,,,Host2 monthly in-shop rank; listed shop scale; public SNS/popularity match when exact-name verified
愛希人,STNY,https://www.host2.jp/shop/stny/index.html,https://www.host2.jp/shop/stny/akito/index.html,https://www.host2.jp/shop/stny/akito/pr01-thum.jpg,1,2026-09-24,556,28,,,Host2 monthly in-shop rank; listed shop scale; public SNS/popularity match when exact-name verified
成宮 染,Ragnus,https://www.host2.jp/shop/ragnus/index.html,https://www.host2.jp/shop/ragnus/sen/index.html,https://www.host2.jp/shop/ragnus/sen/pr01-thum.jpg,1,2026-09-24,556,28,,,Host2 monthly in-shop rank; listed shop scale; public SNS/popularity match when exact-name verified
柊月 真,FUTURE,https://www.host2.jp/shop/future/index.html,https://www.host2.jp/shop/future/shin/index.html,https://www.host2.jp/shop/future/shin/pr01-thum.jpg,1,2026-09-24,556,28,,,Host2 monthly in-shop rank; listed shop scale; public SNS/popularity match when exact-name verified
添星,youth platinum,https://www.host2.jp/shop/youthplatinum/index.html,https://www.host2.jp/shop/youthplatinum/tensei/index.html,https://www.host2.jp/shop/youthplatinum/tensei/pr01-thum.jpg,1,2026-09-24,556,28,,,Host2 monthly in-shop rank; listed shop scale; public SNS/popularity match when exact-name verified
湊,UNITED Dear's -cray-G-,https://www.host2.jp/shop/cray-g/index.html,https://www.host2.jp/shop/cray-g/minato/index.html,https://www.host2.jp/shop/cray-g/minato/pr01-thum.jpg,1,2026-09-24,556,28,,,Host2 monthly in-shop rank; listed shop scale; public SNS/popularity match when exact-name verified
瑛太,WATER WORLD -1st-,https://www.host2.jp/shop/waterworld1st/index.html,https://www.host2.jp/shop/waterworld1st/eita/index.html,https://www.host2.jp/shop/waterworld1st/eita/pr01-thum.jpg,1,2026-09-24,556,28,,,Host2 monthly in-shop rank; listed shop scale; public SNS/popularity match when exact-name verified
紡,HANDSOME,https://www.host2.jp/shop/trend/index.html,https://www.host2.jp/shop/trend/tsumugu02/index.html,https://www.host2.jp/shop/trend/tsumugu02/pr01-thum.jpg,1,2026-09-24,556,28,,,Host2 monthly in-shop rank; listed shop scale; public SNS/popularity match when exact-name verified
風磨,ROMEO & JULIET,https://www.host2.jp/shop/rj/index.html,https://www.host2.jp/shop/rj/fuma/index.html,https://www.host2.jp/shop/rj/fuma/pr01-thum.jpg,1,2026-09-24,556,28,,,Host2 monthly in-shop rank; listed shop scale; public SNS/popularity match when exact-name verified
Naoki,CLOUD NiNe,https://www.host2.jp/shop/cloud_nine/index.html,https://www.host2.jp/shop/cloud_nine/naoki/index.html,https://www.host2.jp/shop/cloud_nine/naoki/pr01-thum.jpg,1,2026-09-24,554,27,,,Host2 monthly in-shop rank; listed shop scale; public SNS/popularity match when exact-name verified
おおぞらあおい,Merci,https://www.host2.jp/shop/merci01/index.html,https://www.host2.jp/shop/merci01/aoi/index.html,https://www.host2.jp/shop/merci01/aoi/pr01-thum.jpg,1,2026-09-24,554,27,,,Host2 monthly in-shop rank; listed shop scale; public SNS/popularity match when exact-name verified
なつきひなた,EPISODE -by groupdandy-,https://www.host2.jp/shop/episode_/index.html,https://www.host2.jp/shop/episode_/hinata2/index.html,https://www.host2.jp/shop/episode_/hinata2/pr01-thum.jpg,1,2026-09-24,554,27,,,Host2 monthly in-shop rank; listed shop scale; public SNS/popularity match when exact-name verified
一条逢夢,BLUE,https://www.host2.jp/shop/blue/index.html,https://www.host2.jp/shop/blue/amu/index.html,https://www.host2.jp/shop/blue/amu/pr01-thum.jpg,1,2026-09-24,554,27,,,Host2 monthly in-shop rank; listed shop scale; public SNS/popularity match when exact-name verified
伊達将宗,I am GENTLEMAN,https://www.host2.jp/shop/iamgentleman/index.html,https://www.host2.jp/shop/iamgentleman/masamune/index.html,https://www.host2.jp/shop/iamgentleman/masamune/pr01-thum.jpg,1,2026-09-24,554,27,,,Host2 monthly in-shop rank; listed shop scale; public SNS/popularity match when exact-name verified
印南 春,RHYTHM,https://www.host2.jp/shop/rhythm/index.html,https://www.host2.jp/shop/rhythm/haru/index.html,https://www.host2.jp/shop/rhythm/haru/pr01-thum.jpg,1,2026-09-24,554,27,,,Host2 monthly in-shop rank; listed shop scale; public SNS/popularity match when exact-name verified
夏目,FUYUTSUKI -P2-,https://www.host2.jp/shop/p202/index.html,https://www.host2.jp/shop/p202/natsume/index.html,https://www.host2.jp/shop/p202/natsume/pr01-thum.jpg,1,2026-09-24,554,27,,,Host2 monthly in-shop rank; listed shop scale; public SNS/popularity match when exact-name verified
廉,Luis-Atena-,https://www.host2.jp/shop/atena/index.html,https://www.host2.jp/shop/atena/ren2/index.html,https://www.host2.jp/shop/atena/ren2/pr01-thum.jpg,1,2026-09-24,554,27,,,Host2 monthly in-shop rank; listed shop scale; public SNS/popularity match when exact-name verified
早乙女 なつ,ALICE,https://www.host2.jp/shop/alice_tokushima/index.html,https://www.host2.jp/shop/alice_tokushima/natsu/index.html,https://www.host2.jp/shop/alice_tokushima/natsu/pr01-thum.jpg,1,2026-09-24,554,27,,,Host2 monthly in-shop rank; listed shop scale; public SNS/popularity match when exact-name verified
楪羽 凛,AWARD,https://www.host2.jp/shop/award/index.html,https://www.host2.jp/shop/award/rin/index.html,https://www.host2.jp/shop/award/rin/pr01-thum.jpg,1,2026-09-24,554,27,,,Host2 monthly in-shop rank; listed shop scale; public SNS/popularity match when exact-name verified
珀,SOLO,https://www.host2.jp/shop/solo/index.html,https://www.host2.jp/shop/solo/haku01/index.html,https://www.host2.jp/shop/solo/haku01/pr01-thum.jpg,1,2026-09-24,554,27,,,Host2 monthly in-shop rank; listed shop scale; public SNS/popularity match when exact-name verified
結城奈津,REGOLITH -GOAT-,https://www.host2.jp/shop/regolithgoat/index.html,https://www.host2.jp/shop/regolithgoat/natsu/index.html,https://www.host2.jp/shop/regolithgoat/natsu/pr01-thum.jpg,1,2026-09-24,554,27,,,Host2 monthly in-shop rank; listed shop scale; public SNS/popularity match when exact-name verified
美凪京音,GENESIS,https://www.host2.jp/shop/genesis1/index.html,https://www.host2.jp/shop/genesis1/keito/index.html,https://www.host2.jp/shop/genesis1/keito/pr01-thum.jpg,1,2026-09-24,554,27,,,Host2 monthly in-shop rank; listed shop scale; public SNS/popularity match when exact-name verified
莉紅,VAMPIRE,https://www.host2.jp/shop/vampire/index.html,https://www.host2.jp/shop/vampire/riku/index.html,https://www.host2.jp/shop/vampire/riku/pr01-thum.jpg,1,2026-09-24,554,27,,,Host2 monthly in-shop rank; listed shop scale; public SNS/popularity match when exact-name verified
葵,THRUSH,https://www.host2.jp/shop/thrush/index.html,https://www.host2.jp/shop/thrush/aoi0/index.html,https://www.host2.jp/shop/thrush/aoi0/pr01-thum.jpg,1,2026-09-24,554,27,,,Host2 monthly in-shop rank; listed shop scale; public SNS/popularity match when exact-name verified
輝夜舞凰,Break SENDAI group dandy,https://www.host2.jp/shop/break/index.html,https://www.host2.jp/shop/break/mao/index.html,https://www.host2.jp/shop/break/mao/pr01-thum.jpg,1,2026-09-24,554,27,,,Host2 monthly in-shop rank; listed shop scale; public SNS/popularity match when exact-name verified
門 司,GALLERY -SAPPORO-,https://www.host2.jp/shop/gallerysapporo/index.html,https://www.host2.jp/shop/gallerysapporo/tsukasa/index.html,https://www.host2.jp/shop/gallerysapporo/tsukasa/pr01-thum.jpg,1,2026-09-24,554,27,,,Host2 monthly in-shop rank; listed shop scale; public SNS/popularity match when exact-name verified
黒向燈弥,AOI -TOKYO-,https://www.host2.jp/shop/aoi/index.html,https://www.host2.jp/shop/aoi/toya/index.html,https://www.host2.jp/shop/aoi/toya/pr01-thum.jpg,1,2026-09-24,554,27,,,Host2 monthly in-shop rank; listed shop scale; public SNS/popularity match when exact-name verified
もっさん/百瀬千秋,OCEAN,https://www.host2.jp/shop/ocean2/index.html,https://www.host2.jp/shop/ocean2/chaki/index.html,https://www.host2.jp/shop/ocean2/chaki/pr01-thum.jpg,1,2026-09-24,552,26,,,Host2 monthly in-shop rank; listed shop scale; public SNS/popularity match when exact-name verified
カイリ,ALLSTAR GOLD,https://www.host2.jp/shop/allstar_gold/index.html,https://www.host2.jp/shop/allstar_gold/kairi/index.html,https://www.host2.jp/shop/allstar_gold/kairi/pr01-thum.jpg,1,2026-09-24,552,26,,,Host2 monthly in-shop rank; listed shop scale; public SNS/popularity match when exact-name verified
ノア,THE CLUB OSAKA,https://www.host2.jp/shop/theclubosaka/index.html,https://www.host2.jp/shop/theclubosaka/noa/index.html,https://www.host2.jp/shop/theclubosaka/noa/pr01-thum.jpg,1,2026-09-24,552,26,,,Host2 monthly in-shop rank; listed shop scale; public SNS/popularity match when exact-name verified
九条星音,FUYUTSUKI -PARTY-,https://www.host2.jp/shop/fuyutsuki_2/index.html,https://www.host2.jp/shop/fuyutsuki_2/shion/index.html,https://www.host2.jp/shop/fuyutsuki_2/shion/pr01-thum.jpg,1,2026-09-24,552,26,,,Host2 monthly in-shop rank; listed shop scale; public SNS/popularity match when exact-name verified
嘘月麗音,ARDENT CLUB -本店-,https://www.host2.jp/shop/ardentclub/index.html,https://www.host2.jp/shop/ardentclub/reon/index.html,https://www.host2.jp/shop/ardentclub/reon/pr01-thum.jpg,1,2026-09-24,552,26,,,Host2 monthly in-shop rank; listed shop scale; public SNS/popularity match when exact-name verified
幸平創真,iKON,https://www.host2.jp/shop/ikon/index.html,https://www.host2.jp/shop/ikon/soma01/index.html,https://www.host2.jp/shop/ikon/soma01/pr01-thum.jpg,1,2026-09-24,552,26,,,Host2 monthly in-shop rank; listed shop scale; public SNS/popularity match when exact-name verified
成宮涼晟,club THE STINGER -SECOND-,https://www.host2.jp/shop/clubthestinger/index.html,https://www.host2.jp/shop/clubthestinger/ryosei/index.html,https://www.host2.jp/shop/clubthestinger/ryosei/pr01-thum.jpg,1,2026-09-24,552,26,,,Host2 monthly in-shop rank; listed shop scale; public SNS/popularity match when exact-name verified
月城秋夜,SELENE,https://www.host2.jp/shop/selene/index.html,https://www.host2.jp/shop/selene/shuya02/index.html,https://www.host2.jp/shop/selene/shuya02/pr01-thum.jpg,1,2026-09-24,552,26,,,Host2 monthly in-shop rank; listed shop scale; public SNS/popularity match when exact-name verified
桜木大夢,Blue Rose,https://www.host2.jp/shop/bluerose01/index.html,https://www.host2.jp/shop/bluerose01/hiromu/index.html,https://www.host2.jp/shop/bluerose01/hiromu/pr01-thum.jpg,1,2026-09-24,552,26,,,Host2 monthly in-shop rank; listed shop scale; public SNS/popularity match when exact-name verified
渉,CLASSY,https://www.host2.jp/shop/classy_bj/index.html,https://www.host2.jp/shop/classy_bj/wataru/index.html,https://www.host2.jp/shop/classy_bj/wataru/pr01-thum.jpg,1,2026-09-24,552,26,,,Host2 monthly in-shop rank; listed shop scale; public SNS/popularity match when exact-name verified
瑛琉,Dear's -1st福岡-,https://www.host2.jp/shop/dears-fukuoka1st-/index.html,https://www.host2.jp/shop/dears-fukuoka1st-/eru/index.html,https://www.host2.jp/shop/dears-fukuoka1st-/eru/pr01-thum.jpg,1,2026-09-24,552,26,,,Host2 monthly in-shop rank; listed shop scale; public SNS/popularity match when exact-name verified
AYUMU,SINCE YOU... -Day'z本店-,https://www.host2.jp/shop/d02/index.html,https://www.host2.jp/shop/d02/ayumu01/index.html,https://www.host2.jp/shop/d02/ayumu01/pr01-thum.jpg,1,2026-09-24,550,25,,,Host2 monthly in-shop rank; listed shop scale; public SNS/popularity match when exact-name verified
TSUBASA,LE-CIEL,https://www.host2.jp/shop/leciel/index.html,https://www.host2.jp/shop/leciel/tsubasa/index.html,https://www.host2.jp/shop/leciel/tsubasa/pr01-thum.jpg,1,2026-09-24,550,25,,,Host2 monthly in-shop rank; listed shop scale; public SNS/popularity match when exact-name verified
おしゅんしゅん,GALL BLACK,https://www.host2.jp/shop/gallblack/index.html,https://www.host2.jp/shop/gallblack/shun/index.html,https://www.host2.jp/shop/gallblack/shun/pr01-thum.jpg,1,2026-09-24,550,25,,,Host2 monthly in-shop rank; listed shop scale; public SNS/popularity match when exact-name verified
及川 晃,Premium BC,https://www.host2.jp/shop/premiumbc/index.html,https://www.host2.jp/shop/premiumbc/akira/index.html,https://www.host2.jp/shop/premiumbc/akira/pr01-thum.jpg,1,2026-09-24,550,25,,,Host2 monthly in-shop rank; listed shop scale; public SNS/popularity match when exact-name verified
叶 育叶,TOP DANDY SAPPORO,https://www.host2.jp/shop/top_dandy_sapporo/index.html,https://www.host2.jp/shop/top_dandy_sapporo/ikuto/index.html,https://www.host2.jp/shop/top_dandy_sapporo/ikuto/pr01-thum.jpg,1,2026-09-24,550,25,,,Host2 monthly in-shop rank; listed shop scale; public SNS/popularity match when exact-name verified
天羽夏希,Eyes -本店-,https://www.host2.jp/shop/eyes2/index.html,https://www.host2.jp/shop/eyes2/natsuki/index.html,https://www.host2.jp/shop/eyes2/natsuki/pr01-thum.jpg,1,2026-09-24,550,25,,,Host2 monthly in-shop rank; listed shop scale; public SNS/popularity match when exact-name verified
山田太郎,Decent,https://www.host2.jp/shop/decent/index.html,https://www.host2.jp/shop/decent/taro/index.html,https://www.host2.jp/shop/decent/taro/pr01-thum.jpg,1,2026-09-24,550,25,,,Host2 monthly in-shop rank; listed shop scale; public SNS/popularity match when exact-name verified
成瀬恭弥,R WEIβ,https://www.host2.jp/shop/rweib/index.html,https://www.host2.jp/shop/rweib/kyoya/index.html,https://www.host2.jp/shop/rweib/kyoya/pr01-thum.jpg,1,2026-09-24,550,25,,,Host2 monthly in-shop rank; listed shop scale; public SNS/popularity match when exact-name verified
新堂和真,RED NAGOYA,https://www.host2.jp/shop/rednagoya/index.html,https://www.host2.jp/shop/rednagoya/kazuma/index.html,https://www.host2.jp/shop/rednagoya/kazuma/pr01-thum.jpg,1,2026-09-24,550,25,,,Host2 monthly in-shop rank; listed shop scale; public SNS/popularity match when exact-name verified
水無瀬 隼,RUTILE,https://www.host2.jp/shop/rutile/index.html,https://www.host2.jp/shop/rutile/shun/index.html,https://www.host2.jp/shop/rutile/shun/pr01-thum.jpg,1,2026-09-24,550,25,,,Host2 monthly in-shop rank; listed shop scale; public SNS/popularity match when exact-name verified
涼太,DEAR'S NEO,https://www.host2.jp/shop/dearsneo/index.html,https://www.host2.jp/shop/dearsneo/ryota/index.html,https://www.host2.jp/shop/dearsneo/ryota/pr01-thum.jpg,1,2026-09-24,550,25,,,Host2 monthly in-shop rank; listed shop scale; public SNS/popularity match when exact-name verified
翼,UNIVERSE -MAX-,https://www.host2.jp/shop/universemax/index.html,https://www.host2.jp/shop/universemax/tsubasa/index.html,https://www.host2.jp/shop/universemax/tsubasa/pr01-thum.jpg,1,2026-09-24,550,25,,,Host2 monthly in-shop rank; listed shop scale; public SNS/popularity match when exact-name verified
蓮,MAX.ink,https://www.host2.jp/shop/maxink/index.html,https://www.host2.jp/shop/maxink/ren00/index.html,https://www.host2.jp/shop/maxink/ren00/pr01-thum.jpg,1,2026-09-24,550,25,,,Host2 monthly in-shop rank; listed shop scale; public SNS/popularity match when exact-name verified
賢人,ADAM RISE,https://www.host2.jp/shop/adamrise/index.html,https://www.host2.jp/shop/adamrise/kento1/index.html,https://www.host2.jp/shop/adamrise/kento1/pr01-thum.jpg,1,2026-09-24,550,25,,,Host2 monthly in-shop rank; listed shop scale; public SNS/popularity match when exact-name verified
達也,CURE,https://www.host2.jp/shop/cure/index.html,https://www.host2.jp/shop/cure/tatuya/index.html,https://www.host2.jp/shop/cure/tatuya/pr01-thum.jpg,1,2026-09-24,550,25,,,Host2 monthly in-shop rank; listed shop scale; public SNS/popularity match when exact-name verified
酔っぱ らい,AHEAD,https://www.host2.jp/shop/ahead/index.html,https://www.host2.jp/shop/ahead/rai/index.html,https://www.host2.jp/shop/ahead/rai/pr01-thum.jpg,1,2026-09-24,550,25,,,Host2 monthly in-shop rank; listed shop scale; public SNS/popularity match when exact-name verified
零王,VOGUE,https://www.host2.jp/shop/vogue2/index.html,https://www.host2.jp/shop/vogue2/reo/index.html,https://www.host2.jp/shop/vogue2/reo/pr01-thum.jpg,1,2026-09-24,550,25,,,Host2 monthly in-shop rank; listed shop scale; public SNS/popularity match when exact-name verified
#にゃんぱり,DOLCE1,https://www.host2.jp/shop/dolce1/index.html,https://www.host2.jp/shop/dolce1/nyanpari/index.html,https://www.host2.jp/shop/dolce1/nyanpari/pr01-thum.jpg,1,2026-09-24,548,24,,,Host2 monthly in-shop rank; listed shop scale; public SNS/popularity match when exact-name verified
Seven,ASK,https://www.host2.jp/shop/askosaka/index.html,https://www.host2.jp/shop/askosaka/sebun/index.html,https://www.host2.jp/shop/askosaka/sebun/pr01-thum.jpg,1,2026-09-24,548,24,,,Host2 monthly in-shop rank; listed shop scale; public SNS/popularity match when exact-name verified
sou,TOP DANDY TOKYO,https://www.host2.jp/shop/topdandy_tokyo/index.html,https://www.host2.jp/shop/topdandy_tokyo/sou/index.html,https://www.host2.jp/shop/topdandy_tokyo/sou/pr01-thum.jpg,1,2026-09-24,548,24,,,Host2 monthly in-shop rank; listed shop scale; public SNS/popularity match when exact-name verified
りょう,Rewrite By Jive,https://www.host2.jp/shop/rewritebyjive/index.html,https://www.host2.jp/shop/rewritebyjive/ryo00/index.html,https://www.host2.jp/shop/rewritebyjive/ryo00/pr01-thum.jpg,1,2026-09-24,548,24,,,Host2 monthly in-shop rank; listed shop scale; public SNS/popularity match when exact-name verified
モハメド・J・ハムザ,VENUS,https://www.host2.jp/shop/venus/index.html,https://www.host2.jp/shop/venus/Hamza/index.html,https://www.host2.jp/shop/venus/Hamza/pr01-thum.jpg,1,2026-09-24,548,24,,,Host2 monthly in-shop rank; listed shop scale; public SNS/popularity match when exact-name verified
七瀬北斗,FACE,https://www.host2.jp/shop/face01/index.html,https://www.host2.jp/shop/face01/hokuto/index.html,https://www.host2.jp/shop/face01/hokuto/pr01-thum.jpg,1,2026-09-24,548,24,,,Host2 monthly in-shop rank; listed shop scale; public SNS/popularity match when exact-name verified
吉野結平,LUCIR,https://www.host2.jp/shop/lucir2/index.html,https://www.host2.jp/shop/lucir2/kippei/index.html,https://www.host2.jp/shop/lucir2/kippei/pr01-thum.jpg,1,2026-09-24,548,24,,,Host2 monthly in-shop rank; listed shop scale; public SNS/popularity match when exact-name verified
夢咲紫音,ARC,https://www.host2.jp/shop/arc2/index.html,https://www.host2.jp/shop/arc2/shion/index.html,https://www.host2.jp/shop/arc2/shion/pr01-thum.jpg,1,2026-09-24,548,24,,,Host2 monthly in-shop rank; listed shop scale; public SNS/popularity match when exact-name verified
天堂ゆうま,BEAT CRUSH-TOKYO-,https://www.host2.jp/shop/beat_crush_tokyo/index.html,https://www.host2.jp/shop/beat_crush_tokyo/yuma/index.html,https://www.host2.jp/shop/beat_crush_tokyo/yuma/pr01-thum.jpg,1,2026-09-24,548,24,,,Host2 monthly in-shop rank; listed shop scale; public SNS/popularity match when exact-name verified
天音シン,BLACK DIAMOND CLUB,https://www.host2.jp/shop/blackdiamond01/index.html,https://www.host2.jp/shop/blackdiamond01/shin01/index.html,https://www.host2.jp/shop/blackdiamond01/shin01/pr01-thum.jpg,1,2026-09-24,548,24,,,Host2 monthly in-shop rank; listed shop scale; public SNS/popularity match when exact-name verified
如月 蘭,RAMPAGE,https://www.host2.jp/shop/rampage/index.html,https://www.host2.jp/shop/rampage/ran/index.html,https://www.host2.jp/shop/rampage/ran/pr01-thum.jpg,1,2026-09-24,548,24,,,Host2 monthly in-shop rank; listed shop scale; public SNS/popularity match when exact-name verified
月城 翠,DEAR'S ACE -CRAY-G NEO-,https://www.host2.jp/shop/dearsacescraygneo/index.html,https://www.host2.jp/shop/dearsacescraygneo/sui/index.html,https://www.host2.jp/shop/dearsacescraygneo/sui/pr01-thum.jpg,1,2026-09-24,548,24,,,Host2 monthly in-shop rank; listed shop scale; public SNS/popularity match when exact-name verified
流川レオ,UNSER,https://www.host2.jp/shop/unser/index.html,https://www.host2.jp/shop/unser/reo02/index.html,https://www.host2.jp/shop/unser/reo02/pr01-thum.jpg,1,2026-09-24,548,24,,,Host2 monthly in-shop rank; listed shop scale; public SNS/popularity match when exact-name verified
薫 愛華,Maple,https://www.host2.jp/shop/maple/index.html,https://www.host2.jp/shop/maple/aika/index.html,https://www.host2.jp/shop/maple/aika/pr01-thum.jpg,1,2026-09-24,548,24,,,Host2 monthly in-shop rank; listed shop scale; public SNS/popularity match when exact-name verified
金城 秋,Dewl,https://www.host2.jp/shop/dewl/index.html,https://www.host2.jp/shop/dewl/aki/index.html,https://www.host2.jp/shop/dewl/aki/pr01-thum.jpg,1,2026-09-24,548,24,,,Host2 monthly in-shop rank; listed shop scale; public SNS/popularity match when exact-name verified
鹿目まどか,AIR CHANCE,https://www.host2.jp/shop/airchance/index.html,https://www.host2.jp/shop/airchance/madoka00/index.html,https://www.host2.jp/shop/airchance/madoka00/pr01-thum.jpg,1,2026-09-24,548,24,,,Host2 monthly in-shop rank; listed shop scale; public SNS/popularity match when exact-name verified
KAEDE。,GRAN -SAPPORO-,https://www.host2.jp/shop/gran-sapporo/index.html,https://www.host2.jp/shop/gran-sapporo/kaede01/index.html,https://www.host2.jp/shop/gran-sapporo/kaede01/pr01-thum.jpg,1,2026-09-24,546,23,,,Host2 monthly in-shop rank; listed shop scale; public SNS/popularity match when exact-name verified
みつき,AIVIA -group dandy-,https://www.host2.jp/shop/aivia/index.html,https://www.host2.jp/shop/aivia/mitsuki/index.html,https://www.host2.jp/shop/aivia/mitsuki/pr01-thum.jpg,1,2026-09-24,546,23,,,Host2 monthly in-shop rank; listed shop scale; public SNS/popularity match when exact-name verified
よる,Gorgeous,https://www.host2.jp/shop/gorgeousnagoya/index.html,https://www.host2.jp/shop/gorgeousnagoya/yoru/index.html,https://www.host2.jp/shop/gorgeousnagoya/yoru/pr01-thum.jpg,1,2026-09-24,546,23,,,Host2 monthly in-shop rank; listed shop scale; public SNS/popularity match when exact-name verified
キャプテン☆龍二,GIORGIO,https://www.host2.jp/shop/giorgio/index.html,https://www.host2.jp/shop/giorgio/ryuji/index.html,https://www.host2.jp/shop/giorgio/ryuji/pr01-thum.jpg,1,2026-09-24,546,23,,,Host2 monthly in-shop rank; listed shop scale; public SNS/popularity match when exact-name verified
ケント,STORME,https://www.host2.jp/shop/storme/index.html,https://www.host2.jp/shop/storme/kento/index.html,https://www.host2.jp/shop/storme/kento/pr01-thum.jpg,1,2026-09-24,546,23,,,Host2 monthly in-shop rank; listed shop scale; public SNS/popularity match when exact-name verified
ナツキ カナメ,大阪男塾,https://www.host2.jp/shop/osakaotokojyuku/index.html,https://www.host2.jp/shop/osakaotokojyuku/kaname/index.html,https://www.host2.jp/shop/osakaotokojyuku/kaname/pr01-thum.jpg,1,2026-09-24,546,23,,,Host2 monthly in-shop rank; listed shop scale; public SNS/popularity match when exact-name verified
柊 りと,Chrono,https://www.host2.jp/shop/chronoosaka/index.html,https://www.host2.jp/shop/chronoosaka/rito/index.html,https://www.host2.jp/shop/chronoosaka/rito/pr01-thum.jpg,1,2026-09-24,660,89,,,Host2 monthly in-shop rank; listed shop scale; public SNS/popularity match when exact-name verified
永瀬 楓,AIM,https://www.host2.jp/shop/aim/index.html,https://www.host2.jp/shop/aim/kaede/index.html,https://www.host2.jp/shop/aim/kaede/pr01-thum.jpg,1,2026-09-24,660,88,,,Host2 monthly in-shop rank; listed shop scale; public SNS/popularity match when exact-name verified
珠璃,A.I.M,https://www.host2.jp/shop/aim2/index.html,https://www.host2.jp/shop/aim2/neo/index.html,https://www.host2.jp/shop/aim2/neo/pr01-thum.jpg,1,2026-09-24,660,88,,,Host2 monthly in-shop rank; listed shop scale; public SNS/popularity match when exact-name verified
蓮,VALHALLA,https://www.host2.jp/shop/valhalla10/index.html,https://www.host2.jp/shop/valhalla10/ren/index.html,https://www.host2.jp/shop/valhalla10/ren/pr01-thum.jpg,1,2026-09-24,660,110,,,Host2 monthly in-shop rank; listed shop scale; public SNS/popularity match when exact-name verified
葵 加菜,WHITE,https://www.host2.jp/shop/white/index.html,https://www.host2.jp/shop/white/kana/index.html,https://www.host2.jp/shop/white/kana/pr01-thum.jpg,1,2026-09-24,618,59,,,Host2 monthly in-shop rank; listed shop scale; public SNS/popularity match when exact-name verified
夜,ADAM,https://www.host2.jp/shop/adam/index.html,https://www.host2.jp/shop/adam/yoru/index.html,https://www.host2.jp/shop/adam/yoru/pr01-thum.jpg,1,2026-09-24,614,57,,,Host2 monthly in-shop rank; listed shop scale; public SNS/popularity match when exact-name verified
月ノ流華,ABYSS,https://www.host2.jp/shop/abyss_nagoya/index.html,https://www.host2.jp/shop/abyss_nagoya/ruka02/index.html,https://www.host2.jp/shop/abyss_nagoya/ruka02/pr01-thum.jpg,1,2026-09-24,614,57,,,Host2 monthly in-shop rank; listed shop scale; public SNS/popularity match when exact-name verified
水,L2,https://www.host2.jp/shop/l2/index.html,https://www.host2.jp/shop/l2/sui/index.html,https://www.host2.jp/shop/l2/sui/pr01-thum.jpg,1,2026-09-24,612,56,,,Host2 monthly in-shop rank; listed shop scale; public SNS/popularity match when exact-name verified
鳳 雅人,LAGUNA,https://www.host2.jp/shop/laguna2/index.html,https://www.host2.jp/shop/laguna2/masato/index.html,https://www.host2.jp/shop/laguna2/masato/pr01-thum.jpg,1,2026-09-24,610,55,,,Host2 monthly in-shop rank; listed shop scale; public SNS/popularity match when exact-name verified
希空,Re:BORN,https://www.host2.jp/shop/reborn_gd/index.html,https://www.host2.jp/shop/reborn_gd/noa01/index.html,https://www.host2.jp/shop/reborn_gd/noa01/pr01-thum.jpg,1,2026-09-24,604,52,,,Host2 monthly in-shop rank; listed shop scale; public SNS/popularity match when exact-name verified
時凪 瞬,BLACK,https://www.host2.jp/shop/black/index.html,https://www.host2.jp/shop/black/shun/index.html,https://www.host2.jp/shop/black/shun/pr01-thum.jpg,1,2026-09-24,604,52,,,Host2 monthly in-shop rank; listed shop scale; public SNS/popularity match when exact-name verified
長瀬 仁,KING,https://www.host2.jp/shop/king_osaka/index.html,https://www.host2.jp/shop/king_osaka/jin/index.html,https://www.host2.jp/shop/king_osaka/jin/pr01-thum.jpg,1,2026-09-24,594,47,,,Host2 monthly in-shop rank; listed shop scale; public SNS/popularity match when exact-name verified
水瀬 薫,LEGEND,https://www.host2.jp/shop/legend01/index.html,https://www.host2.jp/shop/legend01/kaoru02/index.html,https://www.host2.jp/shop/legend01/kaoru02/pr01-thum.jpg,1,2026-09-24,586,43,,,Host2 monthly in-shop rank; listed shop scale; public SNS/popularity match when exact-name verified
夜宵ゆう,EARTH,https://www.host2.jp/shop/earth02/index.html,https://www.host2.jp/shop/earth02/yu/index.html,https://www.host2.jp/shop/earth02/yu/pr01-thum.jpg,1,2026-09-24,584,42,,,Host2 monthly in-shop rank; listed shop scale; public SNS/popularity match when exact-name verified
琉川光輝,Fate,https://www.host2.jp/shop/fate3/index.html,https://www.host2.jp/shop/fate3/koki/index.html,https://www.host2.jp/shop/fate3/koki/pr01-thum.jpg,1,2026-09-24,584,42,,,Host2 monthly in-shop rank; listed shop scale; public SNS/popularity match when exact-name verified
蔵馬,ARTEMIS,https://www.host2.jp/shop/artemis/index.html,https://www.host2.jp/shop/artemis/kurama/index.html,https://www.host2.jp/shop/artemis/kurama/pr01-thum.jpg,1,2026-09-24,584,42,,,Host2 monthly in-shop rank; listed shop scale; public SNS/popularity match when exact-name verified
神咲あらた,Roots,https://www.host2.jp/shop/roots_takamatsu/index.html,https://www.host2.jp/shop/roots_takamatsu/arata/index.html,https://www.host2.jp/shop/roots_takamatsu/arata/pr01-thum.jpg,1,2026-09-24,580,40,,,Host2 monthly in-shop rank; listed shop scale; public SNS/popularity match when exact-name verified
結夜,REAL,https://www.host2.jp/shop/real/index.html,https://www.host2.jp/shop/real/yuya/index.html,https://www.host2.jp/shop/real/yuya/pr01-thum.jpg,1,2026-09-24,568,34,,,Host2 monthly in-shop rank; listed shop scale; public SNS/popularity match when exact-name verified
黒崎おみ,MIKADO,https://www.host2.jp/shop/mikado/index.html,https://www.host2.jp/shop/mikado/omi/index.html,https://www.host2.jp/shop/mikado/omi/pr01-thum.jpg,1,2026-09-24,568,34,,,Host2 monthly in-shop rank; listed shop scale; public SNS/popularity match when exact-name verified
渚月 玲,IRIS,https://www.host2.jp/shop/iris/index.html,https://www.host2.jp/shop/iris/rei/index.html,https://www.host2.jp/shop/iris/rei/pr01-thum.jpg,1,2026-09-24,562,31,,,Host2 monthly in-shop rank; listed shop scale; public SNS/popularity match when exact-name verified
M,A.I.M,https://www.host2.jp/shop/a-i-m/index.html,https://www.host2.jp/shop/a-i-m/m/index.html,https://www.host2.jp/shop/a-i-m/m/pr01-thum.jpg,2,2026-09-24,560,88,,,Host2 monthly in-shop rank; listed shop scale; public SNS/popularity match when exact-name verified
Rock☆Raito,Chrono,https://www.host2.jp/shop/chronoosaka/index.html,https://www.host2.jp/shop/chronoosaka/raito/index.html,https://www.host2.jp/shop/chronoosaka/raito/pr01-thum.jpg,2,2026-09-24,560,89,,,Host2 monthly in-shop rank; listed shop scale; public SNS/popularity match when exact-name verified
やまだはるま,CANDY,https://www.host2.jp/shop/candy01/index.html,https://www.host2.jp/shop/candy01/haruma/index.html,https://www.host2.jp/shop/candy01/haruma/pr01-thum.jpg,2,2026-09-24,560,169,,,Host2 monthly in-shop rank; listed shop scale; public SNS/popularity match when exact-name verified
ジャン グク,YGGDRASILL,https://www.host2.jp/shop/yggdrasill01/index.html,https://www.host2.jp/shop/yggdrasill01/guku/index.html,https://www.host2.jp/shop/yggdrasill01/guku/pr01-thum.jpg,2,2026-09-24,560,112,,,Host2 monthly in-shop rank; listed shop scale; public SNS/popularity match when exact-name verified
七瀬ヒナタ,A.I.M,https://www.host2.jp/shop/aim2/index.html,https://www.host2.jp/shop/aim2/hinata/index.html,https://www.host2.jp/shop/aim2/hinata/pr01-thum.jpg,2,2026-09-24,560,88,,,Host2 monthly in-shop rank; listed shop scale; public SNS/popularity match when exact-name verified
冬島水月,VALHALLA,https://www.host2.jp/shop/yggdrasill04/index.html,https://www.host2.jp/shop/yggdrasill04/mizuki/index.html,https://www.host2.jp/shop/yggdrasill04/mizuki/pr01-thum.jpg,2,2026-09-24,560,110,,,Host2 monthly in-shop rank; listed shop scale; public SNS/popularity match when exact-name verified
夏目 雪,TOP DANDY別館,https://www.host2.jp/shop/topdandybekkan/index.html,https://www.host2.jp/shop/topdandybekkan/yuki/index.html,https://www.host2.jp/shop/topdandybekkan/yuki/pr01-thum.jpg,2,2026-09-24,560,89,,,Host2 monthly in-shop rank; listed shop scale; public SNS/popularity match when exact-name verified
夜空カケル,TOP DANDY,https://www.host2.jp/shop/topdandy/index.html,https://www.host2.jp/shop/topdandy/kakeru/index.html,https://www.host2.jp/shop/topdandy/kakeru/pr01-thum.jpg,2,2026-09-24,560,152,,,Host2 monthly in-shop rank; listed shop scale; public SNS/popularity match when exact-name verified
御影,VALHALLA,https://www.host2.jp/shop/valhalla10/index.html,https://www.host2.jp/shop/valhalla10/mikage/index.html,https://www.host2.jp/shop/valhalla10/mikage/pr01-thum.jpg,2,2026-09-24,560,110,,,Host2 monthly in-shop rank; listed shop scale; public SNS/popularity match when exact-name verified
桜夜 涼,AIM,https://www.host2.jp/shop/aim/index.html,https://www.host2.jp/shop/aim/ryo/index.html,https://www.host2.jp/shop/aim/ryo/pr01-thum.jpg,2,2026-09-24,560,88,,,Host2 monthly in-shop rank; listed shop scale; public SNS/popularity match when exact-name verified
橘 日向,CHRONO,https://www.host2.jp/shop/chrono_nagoya/index.html,https://www.host2.jp/shop/chrono_nagoya/hinata/index.html,https://www.host2.jp/shop/chrono_nagoya/hinata/pr01-thum.jpg,2,2026-09-24,560,89,,,Host2 monthly in-shop rank; listed shop scale; public SNS/popularity match when exact-name verified
朝陽,PARTY,https://www.host2.jp/shop/party/index.html,https://www.host2.jp/shop/party/asahi/index.html,https://www.host2.jp/shop/party/asahi/pr01-thum.jpg,1,2026-09-24,556,28,,,Host2 monthly in-shop rank; listed shop scale; public SNS/popularity match when exact-name verified
椿冬,Gift,https://www.host2.jp/shop/gift_sapporo/index.html,https://www.host2.jp/shop/gift_sapporo/chihuyu/index.html,https://www.host2.jp/shop/gift_sapporo/chihuyu/pr01-thum.jpg,1,2026-09-24,556,28,,,Host2 monthly in-shop rank; listed shop scale; public SNS/popularity match when exact-name verified
東照宮晃西,alice,https://www.host2.jp/shop/alice02/index.html,https://www.host2.jp/shop/alice02/kosei/index.html,https://www.host2.jp/shop/alice02/kosei/pr01-thum.jpg,1,2026-09-24,554,27,,,Host2 monthly in-shop rank; listed shop scale; public SNS/popularity match when exact-name verified
咲夜 蓮,BOY,https://www.host2.jp/shop/boy/index.html,https://www.host2.jp/shop/boy/ren/index.html,https://www.host2.jp/shop/boy/ren/pr01-thum.jpg,1,2026-09-24,548,24,,,Host2 monthly in-shop rank; listed shop scale; public SNS/popularity match when exact-name verified
みなみなと,PRISM,https://www.host2.jp/shop/prism/index.html,https://www.host2.jp/shop/prism/minato/index.html,https://www.host2.jp/shop/prism/minato/pr01-thum.jpg,2,2026-09-24,548,74,,,Host2 monthly in-shop rank; listed shop scale; public SNS/popularity match when exact-name verified
一,ALDEBARAN,https://www.host2.jp/shop/aldebaran_osaka/index.html,https://www.host2.jp/shop/aldebaran_osaka/ninomae/index.html,https://www.host2.jp/shop/aldebaran_osaka/ninomae/pr01-thum.jpg,1,2026-09-24,546,23,,,Host2 monthly in-shop rank; listed shop scale; public SNS/popularity match when exact-name verified
一条麗太,FIVESTAR,https://www.host2.jp/shop/fivestar/index.html,https://www.host2.jp/shop/fivestar/reita/index.html,https://www.host2.jp/shop/fivestar/reita/pr01-thum.jpg,1,2026-09-24,546,23,,,Host2 monthly in-shop rank; listed shop scale; public SNS/popularity match when exact-name verified
七瀬聖恋,PLATINUM,https://www.host2.jp/shop/platinumnagoya/index.html,https://www.host2.jp/shop/platinumnagoya/seren/index.html,https://www.host2.jp/shop/platinumnagoya/seren/pr01-thum.jpg,1,2026-09-24,546,23,,,Host2 monthly in-shop rank; listed shop scale; public SNS/popularity match when exact-name verified
壱成,Star JUNIOR,https://www.host2.jp/shop/starjunior/index.html,https://www.host2.jp/shop/starjunior/issei/index.html,https://www.host2.jp/shop/starjunior/issei/pr01-thum.jpg,1,2026-09-24,546,23,,,Host2 monthly in-shop rank; listed shop scale; public SNS/popularity match when exact-name verified
夜桜 遥,EL DORADO -本店-,https://www.host2.jp/shop/eldoradohonten/index.html,https://www.host2.jp/shop/eldoradohonten/haru/index.html,https://www.host2.jp/shop/eldoradohonten/haru/pr01-thum.jpg,1,2026-09-24,546,23,,,Host2 monthly in-shop rank; listed shop scale; public SNS/popularity match when exact-name verified
影月ロイ,ACQUA SHIZUOKA,https://www.host2.jp/shop/acquashizuoka/index.html,https://www.host2.jp/shop/acquashizuoka/roy/index.html,https://www.host2.jp/shop/acquashizuoka/roy/pr01-thum.jpg,1,2026-09-24,546,23,,,Host2 monthly in-shop rank; listed shop scale; public SNS/popularity match when exact-name verified
愛色美月,DIA,https://www.host2.jp/shop/dia05/index.html,https://www.host2.jp/shop/dia05/mitsuki/index.html,https://www.host2.jp/shop/dia05/mitsuki/pr01-thum.jpg,1,2026-09-24,546,23,,,Host2 monthly in-shop rank; listed shop scale; public SNS/popularity match when exact-name verified
昊,jam,https://www.host2.jp/shop/jam/index.html,https://www.host2.jp/shop/jam/sora/index.html,https://www.host2.jp/shop/jam/sora/pr01-thum.jpg,1,2026-09-24,546,23,,,Host2 monthly in-shop rank; listed shop scale; public SNS/popularity match when exact-name verified
楸 陽世,RED,https://www.host2.jp/shop/red/index.html,https://www.host2.jp/shop/red/yosei/index.html,https://www.host2.jp/shop/red/yosei/pr01-thum.jpg,1,2026-09-24,546,23,,,Host2 monthly in-shop rank; listed shop scale; public SNS/popularity match when exact-name verified
橘 詩音,Emma -Queens-,https://www.host2.jp/shop/emma/index.html,https://www.host2.jp/shop/emma/shion/index.html,https://www.host2.jp/shop/emma/shion/pr01-thum.jpg,1,2026-09-24,546,23,,,Host2 monthly in-shop rank; listed shop scale; public SNS/popularity match when exact-name verified
瀬那 翔,OZONE -player's club-,https://www.host2.jp/shop/ozone/index.html,https://www.host2.jp/shop/ozone/kakeru02/index.html,https://www.host2.jp/shop/ozone/kakeru02/pr01-thum.jpg,1,2026-09-24,546,23,,,Host2 monthly in-shop rank; listed shop scale; public SNS/popularity match when exact-name verified
皇 天,BACCARA Hiroshima,https://www.host2.jp/shop/baccara/index.html,https://www.host2.jp/shop/baccara/ten/index.html,https://www.host2.jp/shop/baccara/ten/pr01-thum.jpg,1,2026-09-24,546,23,,,Host2 monthly in-shop rank; listed shop scale; public SNS/popularity match when exact-name verified
蒼楽,SMAPPA!HANS AXEL VON FERSEN -Smappa! Group本店-,https://www.host2.jp/shop/smappahans/index.html,https://www.host2.jp/shop/smappahans/sora1/index.html,https://www.host2.jp/shop/smappahans/sora1/pr01-thum.jpg,1,2026-09-24,546,23,,,Host2 monthly in-shop rank; listed shop scale; public SNS/popularity match when exact-name verified
蘭丸,Eyes reflect,https://www.host2.jp/shop/eyesreflect/index.html,https://www.host2.jp/shop/eyesreflect/ranmaru/index.html,https://www.host2.jp/shop/eyesreflect/ranmaru/pr01-thum.jpg,1,2026-09-24,546,23,,,Host2 monthly in-shop rank; listed shop scale; public SNS/popularity match when exact-name verified
高槻 雅,ALBANOX by ACQUA,https://www.host2.jp/shop/albaox/index.html,https://www.host2.jp/shop/albaox/miyabi/index.html,https://www.host2.jp/shop/albaox/miyabi/pr01-thum.jpg,1,2026-09-24,546,23,,,Host2 monthly in-shop rank; listed shop scale; public SNS/popularity match when exact-name verified
黒咲エイト,BLACK ROSE,https://www.host2.jp/shop/blackrose/index.html,https://www.host2.jp/shop/blackrose/eito/index.html,https://www.host2.jp/shop/blackrose/eito/pr01-thum.jpg,1,2026-09-24,546,23,,,Host2 monthly in-shop rank; listed shop scale; public SNS/popularity match when exact-name verified
黒執事 銃兎,THE MIYABI -OSAKA-,https://www.host2.jp/shop/themiyabi/index.html,https://www.host2.jp/shop/themiyabi/juto1/index.html,https://www.host2.jp/shop/themiyabi/juto1/pr01-thum.jpg,1,2026-09-24,546,23,,,Host2 monthly in-shop rank; listed shop scale; public SNS/popularity match when exact-name verified
光希,LSP -本店-,https://www.host2.jp/shop/lsp/index.html,https://www.host2.jp/shop/lsp/mitsuki/index.html,https://www.host2.jp/shop/lsp/mitsuki/pr01-thum.jpg,2,2026-09-24,546,73,,,Host2 monthly in-shop rank; listed shop scale; public SNS/popularity match when exact-name verified
逢沢 巧,UNIVERSE,https://www.host2.jp/shop/universe/index.html,https://www.host2.jp/shop/universe/takumi/index.html,https://www.host2.jp/shop/universe/takumi/pr01-thum.jpg,2,2026-09-24,546,73,,,Host2 monthly in-shop rank; listed shop scale; public SNS/popularity match when exact-name verified
DIA,PINK,https://www.host2.jp/shop/pink/index.html,https://www.host2.jp/shop/pink/dia/index.html,https://www.host2.jp/shop/pink/dia/pr01-thum.jpg,1,2026-09-24,544,22,,,Host2 monthly in-shop rank; listed shop scale; public SNS/popularity match when exact-name verified
Wil King,Leon,https://www.host2.jp/shop/leon/index.html,https://www.host2.jp/shop/leon/king/index.html,https://www.host2.jp/shop/leon/king/pr01-thum.jpg,1,2026-09-24,544,22,,,Host2 monthly in-shop rank; listed shop scale; public SNS/popularity match when exact-name verified
うる,SHINY -本店-,https://www.host2.jp/shop/shinyhonten/index.html,https://www.host2.jp/shop/shinyhonten/uru/index.html,https://www.host2.jp/shop/shinyhonten/uru/pr01-thum.jpg,1,2026-09-24,544,22,,,Host2 monthly in-shop rank; listed shop scale; public SNS/popularity match when exact-name verified
かいと,Natural Nine,https://www.host2.jp/shop/naturalnine/index.html,https://www.host2.jp/shop/naturalnine/kaito2/index.html,https://www.host2.jp/shop/naturalnine/kaito2/pr01-thum.jpg,1,2026-09-24,544,22,,,Host2 monthly in-shop rank; listed shop scale; public SNS/popularity match when exact-name verified
みお,BELEA FUKUOKA,https://www.host2.jp/shop/beleafukuoka/index.html,https://www.host2.jp/shop/beleafukuoka/mio/index.html,https://www.host2.jp/shop/beleafukuoka/mio/pr01-thum.jpg,1,2026-09-24,544,22,,,Host2 monthly in-shop rank; listed shop scale; public SNS/popularity match when exact-name verified
バサバサ翼,FILIA plus,https://www.host2.jp/shop/filiaplus/index.html,https://www.host2.jp/shop/filiaplus/tsubasa/index.html,https://www.host2.jp/shop/filiaplus/tsubasa/pr01-thum.jpg,1,2026-09-24,544,22,,,Host2 monthly in-shop rank; listed shop scale; public SNS/popularity match when exact-name verified
モブ骨憂汰,TOP DANDY ZERO,https://www.host2.jp/shop/topdandyzero/index.html,https://www.host2.jp/shop/topdandyzero/yuta/index.html,https://www.host2.jp/shop/topdandyzero/yuta/pr01-thum.jpg,1,2026-09-24,544,22,,,Host2 monthly in-shop rank; listed shop scale; public SNS/popularity match when exact-name verified
一之瀬 光,GG本店,https://www.host2.jp/shop/gghonten/index.html,https://www.host2.jp/shop/gghonten/hikaru01/index.html,https://www.host2.jp/shop/gghonten/hikaru01/pr01-thum.jpg,1,2026-09-24,544,22,,,Host2 monthly in-shop rank; listed shop scale; public SNS/popularity match when exact-name verified
万世童磨,Break Verde -group dandy-,https://www.host2.jp/shop/breakverde/index.html,https://www.host2.jp/shop/breakverde/doma/index.html,https://www.host2.jp/shop/breakverde/doma/pr01-thum.jpg,1,2026-09-24,544,22,,,Host2 monthly in-shop rank; listed shop scale; public SNS/popularity match when exact-name verified
冬羽,Sifir,https://www.host2.jp/shop/sifilsapporo/index.html,https://www.host2.jp/shop/sifilsapporo/towa/index.html,https://www.host2.jp/shop/sifilsapporo/towa/pr01-thum.jpg,1,2026-09-24,544,22,,,Host2 monthly in-shop rank; listed shop scale; public SNS/popularity match when exact-name verified
凜,ACQUA～OSAKA HONTEN～,https://www.host2.jp/shop/acquaosakahonten/index.html,https://www.host2.jp/shop/acquaosakahonten/rin/index.html,https://www.host2.jp/shop/acquaosakahonten/rin/pr01-thum.jpg,1,2026-09-24,544,22,,,Host2 monthly in-shop rank; listed shop scale; public SNS/popularity match when exact-name verified
凰真 悟,Eyes Grace,https://www.host2.jp/shop/eyesgrace/index.html,https://www.host2.jp/shop/eyesgrace/satoru/index.html,https://www.host2.jp/shop/eyesgrace/satoru/pr01-thum.jpg,1,2026-09-24,544,22,,,Host2 monthly in-shop rank; listed shop scale; public SNS/popularity match when exact-name verified
剛,ACACIA,https://www.host2.jp/shop/acacia/index.html,https://www.host2.jp/shop/acacia/go/index.html,https://www.host2.jp/shop/acacia/go/pr01-thum.jpg,1,2026-09-24,544,22,,,Host2 monthly in-shop rank; listed shop scale; public SNS/popularity match when exact-name verified
千兎千尋,ROYAL COLLECTION TOKYO,https://www.host2.jp/shop/royalcollectiontokyo/index.html,https://www.host2.jp/shop/royalcollectiontokyo/chihiro/index.html,https://www.host2.jp/shop/royalcollectiontokyo/chihiro/pr01-thum.jpg,1,2026-09-24,544,22,,,Host2 monthly in-shop rank; listed shop scale; public SNS/popularity match when exact-name verified
千冬優,SUZAKU,https://www.host2.jp/shop/suzaku/index.html,https://www.host2.jp/shop/suzaku/chifuyu/index.html,https://www.host2.jp/shop/suzaku/chifuyu/pr01-thum.jpg,1,2026-09-24,544,22,,,Host2 monthly in-shop rank; listed shop scale; public SNS/popularity match when exact-name verified
司,Eyes executive,https://www.host2.jp/shop/eyesexective/index.html,https://www.host2.jp/shop/eyesexective/tsukasa/index.html,https://www.host2.jp/shop/eyesexective/tsukasa/pr01-thum.jpg,1,2026-09-24,544,22,,,Host2 monthly in-shop rank; listed shop scale; public SNS/popularity match when exact-name verified
坂月エル,STORM,https://www.host2.jp/shop/storm/index.html,https://www.host2.jp/shop/storm/eru/index.html,https://www.host2.jp/shop/storm/eru/pr01-thum.jpg,1,2026-09-24,544,22,,,Host2 monthly in-shop rank; listed shop scale; public SNS/popularity match when exact-name verified
壱丸ギン,I'am Anonymous,https://www.host2.jp/shop/anonymous/index.html,https://www.host2.jp/shop/anonymous/gin/index.html,https://www.host2.jp/shop/anonymous/gin/pr01-thum.jpg,1,2026-09-24,544,22,,,Host2 monthly in-shop rank; listed shop scale; public SNS/popularity match when exact-name verified
寿 日向,Spica,https://www.host2.jp/shop/supica/index.html,https://www.host2.jp/shop/supica/Hinata/index.html,https://www.host2.jp/shop/supica/Hinata/pr01-thum.jpg,1,2026-09-24,544,22,,,Host2 monthly in-shop rank; listed shop scale; public SNS/popularity match when exact-name verified
朱野 翔,THE CHIC,https://www.host2.jp/shop/thechic/index.html,https://www.host2.jp/shop/thechic/sho02/index.html,https://www.host2.jp/shop/thechic/sho02/pr01-thum.jpg,1,2026-09-24,544,22,,,Host2 monthly in-shop rank; listed shop scale; public SNS/popularity match when exact-name verified
朱鳥,LUXE,https://www.host2.jp/shop/t_luxe/index.html,https://www.host2.jp/shop/t_luxe/asuka/index.html,https://www.host2.jp/shop/t_luxe/asuka/pr01-thum.jpg,1,2026-09-24,544,22,,,Host2 monthly in-shop rank; listed shop scale; public SNS/popularity match when exact-name verified
澪 海琉,ACQUA -CHIBA-,https://www.host2.jp/shop/acquachiba01/index.html,https://www.host2.jp/shop/acquachiba01/kairu/index.html,https://www.host2.jp/shop/acquachiba01/kairu/pr01-thum.jpg,1,2026-09-24,544,22,,,Host2 monthly in-shop rank; listed shop scale; public SNS/popularity match when exact-name verified
真ふゆ,I am BLACK,https://www.host2.jp/shop/iamblack/index.html,https://www.host2.jp/shop/iamblack/fuyu/index.html,https://www.host2.jp/shop/iamblack/fuyu/pr01-thum.jpg,1,2026-09-24,544,22,,,Host2 monthly in-shop rank; listed shop scale; public SNS/popularity match when exact-name verified
真人,ASCENT,https://www.host2.jp/shop/ascent/index.html,https://www.host2.jp/shop/ascent/masato/index.html,https://www.host2.jp/shop/ascent/masato/pr01-thum.jpg,1,2026-09-24,544,22,,,Host2 monthly in-shop rank; listed shop scale; public SNS/popularity match when exact-name verified
竜悟,GRANDSTAR -1st-,https://www.host2.jp/shop/grandstar1st/index.html,https://www.host2.jp/shop/grandstar1st/ryugo/index.html,https://www.host2.jp/shop/grandstar1st/ryugo/pr01-thum.jpg,1,2026-09-24,544,22,,,Host2 monthly in-shop rank; listed shop scale; public SNS/popularity match when exact-name verified
綾瀬千早,轟,https://www.host2.jp/shop/todoroki/index.html,https://www.host2.jp/shop/todoroki/chihaya/index.html,https://www.host2.jp/shop/todoroki/chihaya/pr01-thum.jpg,1,2026-09-24,544,22,,,Host2 monthly in-shop rank; listed shop scale; public SNS/popularity match when exact-name verified
花沢 類,TOPRUN -ALLSTAR-,https://www.host2.jp/shop/toprun_allstar/index.html,https://www.host2.jp/shop/toprun_allstar/rui/index.html,https://www.host2.jp/shop/toprun_allstar/rui/pr01-thum.jpg,1,2026-09-24,544,22,,,Host2 monthly in-shop rank; listed shop scale; public SNS/popularity match when exact-name verified
蒼真,Mr.Lonely,https://www.host2.jp/shop/mrlonely/index.html,https://www.host2.jp/shop/mrlonely/soma/index.html,https://www.host2.jp/shop/mrlonely/soma/pr01-thum.jpg,1,2026-09-24,544,22,,,Host2 monthly in-shop rank; listed shop scale; public SNS/popularity match when exact-name verified
轟 シオン,THE GENTLEMEN'S CLUB,https://www.host2.jp/shop/thegentlemens/index.html,https://www.host2.jp/shop/thegentlemens/shion01/index.html,https://www.host2.jp/shop/thegentlemens/shion01/pr01-thum.jpg,1,2026-09-24,544,22,,,Host2 monthly in-shop rank; listed shop scale; public SNS/popularity match when exact-name verified
あかい あおい,REDIA,https://www.host2.jp/shop/redia/index.html,https://www.host2.jp/shop/redia/aoi2/index.html,https://www.host2.jp/shop/redia/aoi2/pr01-thum.jpg,1,2026-09-24,542,21,,,Host2 monthly in-shop rank; listed shop scale; public SNS/popularity match when exact-name verified
りくお,ADAM REX,https://www.host2.jp/shop/adamrex/index.html,https://www.host2.jp/shop/adamrex/rikuo/index.html,https://www.host2.jp/shop/adamrex/rikuo/pr01-thum.jpg,1,2026-09-24,542,21,,,Host2 monthly in-shop rank; listed shop scale; public SNS/popularity match when exact-name verified
るいんぽす,SINCE YOU... -ZOO-,https://www.host2.jp/shop/sinceyouzoo/index.html,https://www.host2.jp/shop/sinceyouzoo/rui02/index.html,https://www.host2.jp/shop/sinceyouzoo/rui02/pr01-thum.jpg,1,2026-09-24,542,21,,,Host2 monthly in-shop rank; listed shop scale; public SNS/popularity match when exact-name verified
ゼロ,ACQUA HAMAMATSU,https://www.host2.jp/shop/acquahamamatsu/index.html,https://www.host2.jp/shop/acquahamamatsu/zero/index.html,https://www.host2.jp/shop/acquahamamatsu/zero/pr01-thum.jpg,1,2026-09-24,542,21,,,Host2 monthly in-shop rank; listed shop scale; public SNS/popularity match when exact-name verified
七色 J,＆i,https://www.host2.jp/shop/andai/index.html,https://www.host2.jp/shop/andai/jei/index.html,https://www.host2.jp/shop/andai/jei/pr01-thum.jpg,1,2026-09-24,542,21,,,Host2 monthly in-shop rank; listed shop scale; public SNS/popularity match when exact-name verified
井上斗真,ACQUA SENDAI,https://www.host2.jp/shop/acquasendai/index.html,https://www.host2.jp/shop/acquasendai/toma/index.html,https://www.host2.jp/shop/acquasendai/toma/pr01-thum.jpg,1,2026-09-24,542,21,,,Host2 monthly in-shop rank; listed shop scale; public SNS/popularity match when exact-name verified
初月はむ。,THE LEGEND,https://www.host2.jp/shop/thelegend/index.html,https://www.host2.jp/shop/thelegend/hamu/index.html,https://www.host2.jp/shop/thelegend/hamu/pr01-thum.jpg,1,2026-09-24,542,21,,,Host2 monthly in-shop rank; listed shop scale; public SNS/popularity match when exact-name verified
千手 業,AMATERAS,https://www.host2.jp/shop/amateras02/index.html,https://www.host2.jp/shop/amateras02/karuma/index.html,https://www.host2.jp/shop/amateras02/karuma/pr01-thum.jpg,1,2026-09-24,542,21,,,Host2 monthly in-shop rank; listed shop scale; public SNS/popularity match when exact-name verified
恭馬,OPUST,https://www.host2.jp/shop/opust/index.html,https://www.host2.jp/shop/opust/kyoma/index.html,https://www.host2.jp/shop/opust/kyoma/pr01-thum.jpg,1,2026-09-24,542,21,,,Host2 monthly in-shop rank; listed shop scale; public SNS/popularity match when exact-name verified
愛斗,S-GRAND,https://www.host2.jp/shop/sgrand/index.html,https://www.host2.jp/shop/sgrand/aito/index.html,https://www.host2.jp/shop/sgrand/aito/pr01-thum.jpg,1,2026-09-24,542,21,,,Host2 monthly in-shop rank; listed shop scale; public SNS/popularity match when exact-name verified
早乙女 美月,ACQUA -SAITAMA-,https://www.host2.jp/shop/acquasaitama/index.html,https://www.host2.jp/shop/acquasaitama/mizuki/index.html,https://www.host2.jp/shop/acquasaitama/mizuki/pr01-thum.jpg,1,2026-09-24,542,21,,,Host2 monthly in-shop rank; listed shop scale; public SNS/popularity match when exact-name verified
玲音,SPARK.,https://www.host2.jp/shop/spark/index.html,https://www.host2.jp/shop/spark/reon/index.html,https://www.host2.jp/shop/spark/reon/pr01-thum.jpg,1,2026-09-24,542,21,,,Host2 monthly in-shop rank; listed shop scale; public SNS/popularity match when exact-name verified
皇 瑛翔,SINCE YOU...ZERO,https://www.host2.jp/shop/sinceyouzero/index.html,https://www.host2.jp/shop/sinceyouzero/eito/index.html,https://www.host2.jp/shop/sinceyouzero/eito/pr01-thum.jpg,1,2026-09-24,542,21,,,Host2 monthly in-shop rank; listed shop scale; public SNS/popularity match when exact-name verified
神咲 臣,ART,https://www.host2.jp/shop/art_ehime/index.html,https://www.host2.jp/shop/art_ehime/omi/index.html,https://www.host2.jp/shop/art_ehime/omi/pr01-thum.jpg,1,2026-09-24,542,21,,,Host2 monthly in-shop rank; listed shop scale; public SNS/popularity match when exact-name verified
神梛 仁,LUPINUS,https://www.host2.jp/shop/lupinis/index.html,https://www.host2.jp/shop/lupinis/jin/index.html,https://www.host2.jp/shop/lupinis/jin/pr01-thum.jpg,1,2026-09-24,542,21,,,Host2 monthly in-shop rank; listed shop scale; public SNS/popularity match when exact-name verified
空,SIRIUS,https://www.host2.jp/shop/sirius/index.html,https://www.host2.jp/shop/sirius/sora/index.html,https://www.host2.jp/shop/sirius/sora/pr01-thum.jpg,1,2026-09-24,542,21,,,Host2 monthly in-shop rank; listed shop scale; public SNS/popularity match when exact-name verified
